timestamp_ms,adc_value,label
0,1986,normal
1,2047,normal
2,2120,normal
3,2021,normal
4,2021,normal
5,2013,normal
6,2026,normal
7,2004,normal
8,2026,normal
9,2070,normal
10,2057,normal
11,2209,normal
12,2007,normal
13,2136,normal
14,2127,normal
15,2027,normal
16,2087,normal
17,2030,normal
18,2098,normal
19,1953,normal
20,2072,normal
21,2047,normal
22,1995,normal
23,1999,normal
24,2099,normal
25,2055,normal
26,2090,normal
27,2055,normal
28,2036,normal
29,2035,normal
30,2008,normal
31,2005,normal
32,2038,normal
33,2067,normal
34,2043,normal
35,2052,normal
36,2080,normal
37,2015,normal
38,2020,normal
39,2030,normal
40,2088,normal
41,2053,normal
42,2046,normal
43,2030,normal
44,2021,normal
45,2070,normal
46,2021,normal
47,1982,normal
48,1986,normal
49,2094,normal
50,2012,normal
51,1976,normal
52,2053,normal
53,1946,normal
54,2055,normal
55,2049,normal
56,2122,normal
57,2080,normal
58,2042,normal
59,2043,normal
60,2086,normal
61,2042,normal
62,2069,normal
63,2007,normal
64,2070,normal
65,2041,normal
66,1946,normal
67,2095,normal
68,2055,normal
69,2062,normal
70,2016,normal
71,2000,normal
72,2094,normal
73,2048,normal
74,2012,normal
75,2053,normal
76,1974,normal
77,1976,normal
78,2092,normal
79,2070,normal
80,2139,normal
81,2064,normal
82,1959,normal
83,2074,normal
84,2008,normal
85,2009,normal
86,1956,normal
87,2045,normal
88,2060,normal
89,2061,normal
90,2012,normal
91,1968,normal
92,1939,normal
93,2060,normal
94,2021,normal
95,2061,normal
96,2066,normal
97,1980,normal
98,2026,normal
99,2069,normal
100,2056,normal
101,2072,normal
102,2070,normal
103,2022,normal
104,2126,normal
105,2065,normal
106,2104,normal
107,2030,normal
108,2060,normal
109,2108,normal
110,2036,normal
111,2094,normal
112,2029,normal
113,2039,normal
114,2080,normal
115,2114,normal
116,2130,normal
117,2006,normal
118,2027,normal
119,2051,normal
120,2096,normal
121,2049,normal
122,1990,normal
123,2138,normal
124,2021,normal
125,2075,normal
126,2084,normal
127,2026,normal
128,1989,normal
129,2130,normal
130,2001,normal
131,2121,normal
132,2071,normal
133,2030,normal
134,1983,normal
135,1974,normal
136,2042,normal
137,2040,normal
138,2038,normal
139,2094,normal
140,2058,normal
141,2005,normal
142,2087,normal
143,2071,normal
144,2146,normal
145,2117,normal
146,1981,normal
147,2122,normal
148,2086,normal
149,2024,normal
150,2026,normal
151,1987,normal
152,2116,normal
153,1985,normal
154,2034,normal
155,2165,normal
156,1909,normal
157,2029,normal
158,2076,normal
159,2086,normal
160,2016,normal
161,2035,normal
162,2047,normal
163,2017,normal
164,2050,normal
165,2049,normal
166,1964,normal
167,2074,normal
168,2043,normal
169,2059,normal
170,2045,normal
171,1959,normal
172,2052,normal
173,2032,normal
174,2081,normal
175,2020,normal
176,1973,normal
177,2065,normal
178,2154,normal
179,2045,normal
180,2027,normal
181,2085,normal
182,2044,normal
183,2074,normal
184,2107,normal
185,2010,normal
186,1930,normal
187,2040,normal
188,1956,normal
189,2084,normal
190,2021,normal
191,2034,normal
192,2016,normal
193,2037,normal
194,1987,normal
195,2122,normal
196,1969,normal
197,2045,normal
198,2070,normal
199,2080,normal
200,2029,normal
201,2050,normal
202,2023,normal
203,2025,normal
204,2058,normal
205,2098,normal
206,2064,normal
207,2080,normal
208,2093,normal
209,2014,normal
210,2049,normal
211,2015,normal
212,1995,normal
213,2005,normal
214,2119,normal
215,2100,normal
216,1992,normal
217,2061,normal
218,2010,normal
219,2019,normal
220,2118,normal
221,2075,normal
222,2089,normal
223,2115,normal
224,2143,normal
225,2014,normal
226,2081,normal
227,2054,normal
228,2020,normal
229,2005,normal
230,2109,normal
231,2157,normal
232,2060,normal
233,2130,normal
234,2044,normal
235,2039,normal
236,2133,normal
237,2165,normal
238,2090,normal
239,2061,normal
240,2021,normal
241,2054,normal
242,2124,normal
243,2163,normal
244,2107,normal
245,2109,normal
246,2029,normal
247,2028,normal
248,2089,normal
249,2080,normal
250,1986,normal
251,2172,normal
252,1994,normal
253,1998,normal
254,2017,normal
255,2020,normal
256,2054,normal
257,1994,normal
258,2055,normal
259,2021,normal
260,2136,normal
261,1949,normal
262,2052,normal
263,1948,normal
264,1989,normal
265,2050,normal
266,2042,normal
267,2019,normal
268,2093,normal
269,2077,normal
270,2008,normal
271,2003,normal
272,2040,normal
273,1981,normal
274,1939,normal
275,2025,normal
276,2035,normal
277,2063,normal
278,2019,normal
279,2097,normal
280,2032,normal
281,2017,normal
282,2017,normal
283,2058,normal
284,2080,normal
285,2091,normal
286,1960,normal
287,1967,normal
288,1996,normal
289,2087,normal
290,2107,normal
291,2118,normal
292,2019,normal
293,2044,normal
294,2067,normal
295,2060,normal
296,2131,normal
297,1954,normal
298,2099,normal
299,2032,normal
300,2023,normal
301,2102,normal
302,2033,normal
303,2107,normal
304,2108,normal
305,1982,normal
306,1949,normal
307,2081,normal
308,2077,normal
309,2034,normal
310,2032,normal
311,2082,normal
312,2011,normal
313,2125,normal
314,2003,normal
315,2115,normal
316,2061,normal
317,2032,normal
318,1989,normal
319,2051,normal
320,1991,normal
321,1995,normal
322,2027,normal
323,2033,normal
324,2031,normal
325,1998,normal
326,2059,normal
327,2063,normal
328,1996,normal
329,2058,normal
330,2061,normal
331,2039,normal
332,2030,normal
333,2116,normal
334,2022,normal
335,2031,normal
336,2071,normal
337,2018,normal
338,2038,normal
339,2069,normal
340,2089,normal
341,2014,normal
342,2025,normal
343,2024,normal
344,2066,normal
345,2099,normal
346,2095,normal
347,2031,normal
348,2014,normal
349,2068,normal
350,2012,normal
351,1946,normal
352,2083,normal
353,2043,normal
354,2099,normal
355,2116,normal
356,2095,normal
357,2070,normal
358,2071,normal
359,2039,normal
360,2068,normal
361,1995,normal
362,1966,normal
363,1988,normal
364,2053,normal
365,2061,normal
366,1960,normal
367,2116,normal
368,2048,normal
369,2010,normal
370,2125,normal
371,1971,normal
372,2026,normal
373,2027,normal
374,2089,normal
375,2014,normal
376,2057,normal
377,2057,normal
378,2027,normal
379,2023,normal
380,1977,normal
381,2070,normal
382,2075,normal
383,2070,normal
384,2055,normal
385,2080,normal
386,2010,normal
387,1944,normal
388,2010,normal
389,2039,normal
390,1999,normal
391,1996,normal
392,2020,normal
393,2116,normal
394,2100,normal
395,2100,normal
396,1996,normal
397,2051,normal
398,2059,normal
399,2026,normal
400,2126,normal
401,2142,normal
402,1968,normal
403,2096,normal
404,2043,normal
405,2104,normal
406,2065,normal
407,2042,normal
408,2120,normal
409,2094,normal
410,2072,normal
411,2111,normal
412,2033,normal
413,2035,normal
414,2108,normal
415,2003,normal
416,2051,normal
417,2054,normal
418,2067,normal
419,2090,normal
420,2158,normal
421,2043,normal
422,2056,normal
423,2000,normal
424,2070,normal
425,2074,normal
426,2007,normal
427,2059,normal
428,2082,normal
429,1993,normal
430,2011,normal
431,1986,normal
432,2046,normal
433,1981,normal
434,1999,normal
435,2050,normal
436,2001,normal
437,2070,normal
438,2059,normal
439,2091,normal
440,2048,normal
441,2057,normal
442,1997,normal
443,2073,normal
444,1987,normal
445,2062,normal
446,1983,normal
447,2029,normal
448,2012,normal
449,2061,normal
450,1985,normal
451,1953,normal
452,2032,normal
453,1955,normal
454,2071,normal
455,2075,normal
456,2135,normal
457,1971,normal
458,2006,normal
459,2038,normal
460,2012,normal
461,2026,normal
462,2119,normal
463,2041,normal
464,2031,normal
465,2061,normal
466,2035,normal
467,2053,normal
468,2082,normal
469,1980,normal
470,2088,normal
471,2095,normal
472,2010,normal
473,2068,normal
474,2050,normal
475,2016,normal
476,1977,normal
477,2025,normal
478,2093,normal
479,2053,normal
480,2100,normal
481,2138,normal
482,2042,normal
483,1932,normal
484,1942,normal
485,2062,normal
486,2067,normal
487,2010,normal
488,2120,normal
489,1988,normal
490,2063,normal
491,2139,normal
492,1978,normal
493,1998,normal
494,2028,normal
495,2036,normal
496,2056,normal
497,2036,normal
498,2057,normal
499,1943,normal
500,2120,normal
501,2042,normal
502,2077,normal
503,2095,normal
504,2101,normal
505,2110,normal
506,2020,normal
507,2165,normal
508,2051,normal
509,2055,normal
510,2122,normal
511,2060,normal
512,2095,normal
513,2068,normal
514,2060,normal
515,2042,normal
516,2014,normal
517,2048,normal
518,2060,normal
519,1972,normal
520,2048,normal
521,2026,normal
522,2024,normal
523,2150,normal
524,2080,normal
525,2092,normal
526,2053,normal
527,1976,normal
528,2062,normal
529,2066,normal
530,2075,normal
531,2046,normal
532,2074,normal
533,2097,normal
534,1958,normal
535,1988,normal
536,2085,normal
537,2054,normal
538,2041,normal
539,2039,normal
540,2112,normal
541,2020,normal
542,2150,normal
543,2073,normal
544,2016,normal
545,1979,normal
546,2096,normal
547,2020,normal
548,1993,normal
549,2089,normal
550,2083,normal
551,1997,normal
552,2075,normal
553,2000,normal
554,2034,normal
555,2004,normal
556,1982,normal
557,2084,normal
558,2082,normal
559,2093,normal
560,2107,normal
561,2092,normal
562,2063,normal
563,2109,normal
564,2033,normal
565,1994,normal
566,2120,normal
567,2063,normal
568,2067,normal
569,2098,normal
570,1996,normal
571,2077,normal
572,2020,normal
573,2012,normal
574,2130,normal
575,2124,normal
576,2036,normal
577,1953,normal
578,2044,normal
579,2010,normal
580,2011,normal
581,2044,normal
582,2044,normal
583,2146,normal
584,2110,normal
585,1995,normal
586,2020,normal
587,2065,normal
588,2018,normal
589,1947,normal
590,2092,normal
591,2064,normal
592,2022,normal
593,2036,normal
594,2076,normal
595,1988,normal
596,2030,normal
597,2066,normal
598,1973,normal
599,2104,normal
600,2010,normal
601,2056,normal
602,2052,normal
603,1992,normal
604,2045,normal
605,2124,normal
606,2031,normal
607,2032,normal
608,2002,normal
609,2006,normal
610,2082,normal
611,2040,normal
612,1996,normal
613,2023,normal
614,2045,normal
615,2097,normal
616,2052,normal
617,2006,normal
618,2021,normal
619,2051,normal
620,2038,normal
621,2047,normal
622,2039,normal
623,2040,normal
624,2084,normal
625,2050,normal
626,2059,normal
627,1972,normal
628,2072,normal
629,2049,normal
630,2026,normal
631,2095,normal
632,2090,normal
633,2052,normal
634,2102,normal
635,2026,normal
636,2060,normal
637,2042,normal
638,1999,normal
639,2064,normal
640,2037,normal
641,2075,normal
642,2021,normal
643,1984,normal
644,2092,normal
645,2059,normal
646,1992,normal
647,2111,normal
648,2008,normal
649,2079,normal
650,2039,normal
651,2060,normal
652,2028,normal
653,1982,normal
654,1990,normal
655,2078,normal
656,2060,normal
657,2012,normal
658,2096,normal
659,2017,normal
660,2013,normal
661,2115,normal
662,2050,normal
663,2066,normal
664,2038,normal
665,2112,normal
666,1987,normal
667,1948,normal
668,2033,normal
669,2042,normal
670,1982,normal
671,1927,normal
672,2149,normal
673,2068,normal
674,2094,normal
675,1942,normal
676,2013,normal
677,2092,normal
678,1987,normal
679,2037,normal
680,2137,normal
681,2091,normal
682,2097,normal
683,2076,normal
684,2053,normal
685,2042,normal
686,2072,normal
687,1993,normal
688,2042,normal
689,2042,normal
690,2058,normal
691,1940,normal
692,2187,normal
693,1994,normal
694,2048,normal
695,2011,normal
696,2068,normal
697,1970,normal
698,2105,normal
699,2085,normal
700,2072,normal
701,2039,normal
702,2028,normal
703,2063,normal
704,1977,normal
705,2078,normal
706,2015,normal
707,1982,normal
708,2068,normal
709,2072,normal
710,2012,normal
711,2034,normal
712,2030,normal
713,2049,normal
714,2069,normal
715,2088,normal
716,2069,normal
717,2001,normal
718,2150,normal
719,1999,normal
720,2061,normal
721,2023,normal
722,2025,normal
723,2081,normal
724,2004,normal
725,2064,normal
726,2121,normal
727,2081,normal
728,2027,normal
729,2102,normal
730,2083,normal
731,2133,normal
732,2056,normal
733,2085,normal
734,2037,normal
735,2068,normal
736,2054,normal
737,2035,normal
738,2102,normal
739,1977,normal
740,2020,normal
741,2081,normal
742,2024,normal
743,2004,normal
744,1981,normal
745,2127,normal
746,2098,normal
747,2099,normal
748,2041,normal
749,1988,normal
750,2034,normal
751,2018,normal
752,2070,normal
753,2021,normal
754,2055,normal
755,1942,normal
756,2044,normal
757,1975,normal
758,2107,normal
759,2066,normal
760,1975,normal
761,2085,normal
762,2024,normal
763,2068,normal
764,2141,normal
765,1989,normal
766,2101,normal
767,2082,normal
768,2109,normal
769,2076,normal
770,2106,normal
771,2009,normal
772,2143,normal
773,1970,normal
774,2118,normal
775,1958,normal
776,2022,normal
777,2061,normal
778,2055,normal
779,2010,normal
780,2085,normal
781,2026,normal
782,2072,normal
783,2048,normal
784,2033,normal
785,2018,normal
786,2088,normal
787,2003,normal
788,2071,normal
789,2044,normal
790,2124,normal
791,2094,normal
792,2073,normal
793,2025,normal
794,1995,normal
795,1979,normal
796,2050,normal
797,2062,normal
798,2039,normal
799,2097,normal
800,2033,normal
801,2102,normal
802,2055,normal
803,2076,normal
804,2056,normal
805,2106,normal
806,2000,normal
807,2008,normal
808,2127,normal
809,1968,normal
810,2053,normal
811,2059,normal
812,2105,normal
813,2084,normal
814,2062,normal
815,2100,normal
816,2030,normal
817,2012,normal
818,2008,normal
819,1974,normal
820,2094,normal
821,2107,normal
822,2028,normal
823,2024,normal
824,2091,normal
825,2045,normal
826,2040,normal
827,2044,normal
828,2058,normal
829,2120,normal
830,2039,normal
831,2065,normal
832,2142,normal
833,2034,normal
834,2037,normal
835,2013,normal
836,2125,normal
837,2049,normal
838,2018,normal
839,1980,normal
840,2106,normal
841,2121,normal
842,2036,normal
843,2115,normal
844,2127,normal
845,1943,normal
846,1990,normal
847,2025,normal
848,2049,normal
849,2030,normal
850,2026,normal
851,2088,normal
852,2059,normal
853,1974,normal
854,2107,normal
855,2067,normal
856,1993,normal
857,1968,normal
858,2017,normal
859,2099,normal
860,2058,normal
861,2042,normal
862,2085,normal
863,2108,normal
864,2041,normal
865,2089,normal
866,2022,normal
867,2049,normal
868,2025,normal
869,2079,normal
870,2030,normal
871,2026,normal
872,2030,normal
873,2071,normal
874,2016,normal
875,2095,normal
876,2073,normal
877,2059,normal
878,2060,normal
879,2065,normal
880,2085,normal
881,2108,normal
882,2014,normal
883,2079,normal
884,2023,normal
885,2096,normal
886,2048,normal
887,2033,normal
888,2002,normal
889,2003,normal
890,2033,normal
891,2026,normal
892,2069,normal
893,2049,normal
894,2040,normal
895,2085,normal
896,2150,normal
897,1940,normal
898,2038,normal
899,2057,normal
900,1955,normal
901,2062,normal
902,2006,normal
903,2021,normal
904,2090,normal
905,2071,normal
906,2015,normal
907,1935,normal
908,1972,normal
909,2051,normal
910,2032,normal
911,2073,normal
912,2082,normal
913,2070,normal
914,2061,normal
915,2034,normal
916,2098,normal
917,2083,normal
918,2070,normal
919,2058,normal
920,2036,normal
921,2015,normal
922,2121,normal
923,2021,normal
924,2073,normal
925,1972,normal
926,2022,normal
927,2107,normal
928,2053,normal
929,2099,normal
930,1992,normal
931,2057,normal
932,2100,normal
933,2038,normal
934,2038,normal
935,2086,normal
936,2156,normal
937,2030,normal
938,2012,normal
939,2053,normal
940,2027,normal
941,2053,normal
942,2107,normal
943,2042,normal
944,2099,normal
945,2079,normal
946,1963,normal
947,2112,normal
948,2000,normal
949,1956,normal
950,2004,normal
951,1976,normal
952,2026,normal
953,2032,normal
954,2090,normal
955,1965,normal
956,2024,normal
957,2036,normal
958,2026,normal
959,2079,normal
960,2064,normal
961,2010,normal
962,1943,normal
963,2070,normal
964,2054,normal
965,1962,normal
966,2060,normal
967,1988,normal
968,2069,normal
969,2103,normal
970,2013,normal
971,2098,normal
972,2127,normal
973,2073,normal
974,2084,normal
975,2059,normal
976,2039,normal
977,1980,normal
978,2072,normal
979,2030,normal
980,2095,normal
981,2032,normal
982,2063,normal
983,2033,normal
984,2115,normal
985,1998,normal
986,2132,normal
987,1977,normal
988,2035,normal
989,1995,normal
990,2031,normal
991,1936,normal
992,2010,normal
993,2024,normal
994,2063,normal
995,2038,normal
996,2132,normal
997,2037,normal
998,1962,normal
999,1981,normal
1000,2107,normal
1001,2095,normal
1002,1962,normal
1003,1948,normal
1004,2073,normal
1005,2081,normal
1006,1994,normal
1007,1974,normal
1008,2047,normal
1009,2067,normal
1010,1990,normal
1011,2016,normal
1012,1981,normal
1013,2088,normal
1014,2115,normal
1015,1979,normal
1016,2077,normal
1017,1985,normal
1018,2103,normal
1019,2065,normal
1020,2035,normal
1021,2089,normal
1022,2049,normal
1023,2035,normal
1024,2084,normal
1025,2144,normal
1026,2025,normal
1027,2004,normal
1028,2011,normal
1029,1978,normal
1030,2008,normal
1031,2054,normal
1032,2061,normal
1033,2088,normal
1034,2096,normal
1035,2075,normal
1036,2167,normal
1037,2040,normal
1038,1889,normal
1039,2095,normal
1040,2024,normal
1041,1991,normal
1042,2042,normal
1043,2055,normal
1044,2070,normal
1045,1996,normal
1046,2086,normal
1047,1971,normal
1048,2034,normal
1049,2142,normal
1050,2016,normal
1051,2051,normal
1052,2041,normal
1053,2113,normal
1054,2133,normal
1055,2019,normal
1056,2051,normal
1057,2123,normal
1058,2033,normal
1059,2108,normal
1060,2042,normal
1061,2059,normal
1062,1935,normal
1063,2053,normal
1064,2058,normal
1065,2003,normal
1066,2080,normal
1067,2067,normal
1068,2092,normal
1069,2058,normal
1070,2009,normal
1071,2051,normal
1072,2005,normal
1073,2054,normal
1074,1983,normal
1075,2024,normal
1076,2037,normal
1077,2113,normal
1078,2102,normal
1079,2024,normal
1080,2092,normal
1081,2089,normal
1082,2000,normal
1083,2059,normal
1084,2044,normal
1085,2084,normal
1086,2012,normal
1087,2031,normal
1088,2028,normal
1089,2090,normal
1090,2050,normal
1091,1992,normal
1092,2056,normal
1093,1954,normal
1094,2104,normal
1095,1927,normal
1096,1997,normal
1097,1996,normal
1098,2024,normal
1099,2078,normal
1100,1992,normal
1101,2034,normal
1102,2112,normal
1103,2090,normal
1104,2086,normal
1105,2060,normal
1106,2103,normal
1107,2062,normal
1108,2125,normal
1109,2026,normal
1110,2013,normal
1111,2101,normal
1112,2056,normal
1113,2085,normal
1114,2002,normal
1115,2034,normal
1116,2025,normal
1117,2102,normal
1118,1987,normal
1119,2128,normal
1120,2031,normal
1121,2077,normal
1122,2132,normal
1123,2031,normal
1124,2110,normal
1125,1981,normal
1126,1994,normal
1127,2055,normal
1128,2109,normal
1129,1935,normal
1130,1980,normal
1131,2067,normal
1132,2083,normal
1133,2068,normal
1134,2066,normal
1135,2056,normal
1136,2102,normal
1137,2042,normal
1138,2104,normal
1139,1974,normal
1140,2079,normal
1141,2115,normal
1142,2015,normal
1143,1954,normal
1144,2100,normal
1145,2116,normal
1146,2101,normal
1147,1995,normal
1148,2024,normal
1149,2075,normal
1150,2014,normal
1151,2045,normal
1152,2184,normal
1153,2056,normal
1154,1965,normal
1155,1907,normal
1156,2102,normal
1157,2143,normal
1158,2089,normal
1159,2081,normal
1160,2067,normal
1161,1945,normal
1162,2131,normal
1163,1974,normal
1164,2147,normal
1165,1973,normal
1166,1906,normal
1167,2046,normal
1168,2015,normal
1169,1957,normal
1170,1987,normal
1171,1912,normal
1172,1976,normal
1173,2086,normal
1174,2066,normal
1175,2126,normal
1176,2047,normal
1177,2113,normal
1178,2002,normal
1179,1973,normal
1180,2040,normal
1181,2003,normal
1182,2101,normal
1183,2160,normal
1184,2093,normal
1185,2011,normal
1186,2014,normal
1187,2084,normal
1188,2084,normal
1189,2019,normal
1190,2085,normal
1191,1969,normal
1192,2055,normal
1193,2000,normal
1194,1991,normal
1195,2118,normal
1196,2067,normal
1197,2007,normal
1198,2023,normal
1199,1979,normal
1200,2010,normal
1201,2078,normal
1202,2051,normal
1203,2104,normal
1204,2020,normal
1205,2089,normal
1206,2082,normal
1207,2070,normal
1208,2067,normal
1209,2033,normal
1210,2020,normal
1211,2034,normal
1212,2068,normal
1213,1970,normal
1214,1978,normal
1215,1932,normal
1216,2062,normal
1217,2009,normal
1218,2023,normal
1219,2134,normal
1220,2130,normal
1221,2066,normal
1222,2096,normal
1223,2064,normal
1224,2069,normal
1225,2088,normal
1226,2019,normal
1227,2000,normal
1228,2004,normal
1229,1985,normal
1230,2056,normal
1231,2026,normal
1232,1995,normal
1233,2094,normal
1234,1981,normal
1235,2128,normal
1236,1983,normal
1237,2072,normal
1238,2088,normal
1239,1966,normal
1240,2086,normal
1241,2034,normal
1242,1982,normal
1243,2112,normal
1244,2011,normal
1245,2036,normal
1246,2036,normal
1247,2003,normal
1248,2043,normal
1249,1994,normal
1250,2111,normal
1251,2041,normal
1252,2056,normal
1253,2105,normal
1254,2040,normal
1255,2039,normal
1256,2138,normal
1257,2042,normal
1258,1992,normal
1259,2025,normal
1260,2040,normal
1261,2033,normal
1262,1995,normal
1263,1944,normal
1264,1996,normal
1265,2057,normal
1266,2129,normal
1267,2075,normal
1268,2155,normal
1269,2025,normal
1270,2178,normal
1271,2056,normal
1272,2005,normal
1273,2036,normal
1274,2099,normal
1275,1999,normal
1276,2008,normal
1277,2019,normal
1278,2054,normal
1279,1996,normal
1280,2108,normal
1281,1947,normal
1282,2101,normal
1283,2031,normal
1284,2075,normal
1285,2055,normal
1286,2056,normal
1287,2139,normal
1288,2038,normal
1289,2046,normal
1290,1959,normal
1291,1955,normal
1292,2084,normal
1293,2023,normal
1294,1998,normal
1295,2051,normal
1296,2078,normal
1297,2020,normal
1298,1986,normal
1299,2000,normal
1300,2016,normal
1301,2097,normal
1302,2061,normal
1303,2019,normal
1304,2014,normal
1305,1970,normal
1306,2067,normal
1307,2054,normal
1308,2009,normal
1309,2078,normal
1310,2048,normal
1311,2024,normal
1312,2080,normal
1313,2067,normal
1314,2130,normal
1315,2054,normal
1316,2065,normal
1317,2128,normal
1318,2079,normal
1319,2062,normal
1320,1968,normal
1321,2026,normal
1322,1944,normal
1323,2081,normal
1324,1970,normal
1325,2040,normal
1326,2056,normal
1327,2115,normal
1328,2049,normal
1329,2043,normal
1330,1921,normal
1331,2022,normal
1332,2037,normal
1333,2107,normal
1334,1990,normal
1335,2148,normal
1336,2077,normal
1337,2067,normal
1338,2053,normal
1339,2022,normal
1340,2066,normal
1341,2064,normal
1342,2154,normal
1343,2134,normal
1344,2042,normal
1345,1994,normal
1346,2081,normal
1347,2053,normal
1348,2074,normal
1349,2112,normal
1350,1991,normal
1351,2097,normal
1352,2114,normal
1353,2109,normal
1354,2066,normal
1355,2063,normal
1356,2120,normal
1357,2209,normal
1358,2035,normal
1359,2079,normal
1360,2000,normal
1361,2072,normal
1362,2122,normal
1363,2029,normal
1364,2021,normal
1365,2033,normal
1366,1984,normal
1367,2064,normal
1368,2058,normal
1369,2035,normal
1370,2102,normal
1371,1965,normal
1372,2122,normal
1373,2021,normal
1374,2066,normal
1375,2041,normal
1376,2059,normal
1377,2088,normal
1378,2011,normal
1379,2102,normal
1380,2052,normal
1381,1915,normal
1382,2066,normal
1383,2020,normal
1384,2016,normal
1385,2109,normal
1386,2075,normal
1387,2133,normal
1388,2077,normal
1389,1970,normal
1390,2038,normal
1391,1976,normal
1392,2071,normal
1393,2034,normal
1394,2060,normal
1395,1989,normal
1396,2035,normal
1397,2033,normal
1398,2093,normal
1399,2043,normal
1400,2119,normal
1401,2010,normal
1402,2020,normal
1403,2069,normal
1404,1996,normal
1405,2085,normal
1406,2035,normal
1407,2065,normal
1408,2131,normal
1409,2037,normal
1410,2041,normal
1411,2084,normal
1412,2044,normal
1413,2040,normal
1414,2092,normal
1415,2089,normal
1416,2100,normal
1417,2008,normal
1418,1996,normal
1419,2032,normal
1420,2031,normal
1421,2107,normal
1422,2026,normal
1423,2003,normal
1424,2096,normal
1425,1982,normal
1426,2084,normal
1427,2048,normal
1428,2117,normal
1429,1978,normal
1430,2014,normal
1431,2117,normal
1432,2121,normal
1433,2006,normal
1434,2047,normal
1435,1991,normal
1436,2030,normal
1437,2026,normal
1438,2016,normal
1439,2135,normal
1440,2089,normal
1441,2057,normal
1442,2055,normal
1443,2071,normal
1444,2067,normal
1445,2032,normal
1446,2101,normal
1447,1996,normal
1448,2008,normal
1449,1985,normal
1450,2039,normal
1451,2049,normal
1452,2090,normal
1453,1898,normal
1454,1981,normal
1455,2003,normal
1456,2041,normal
1457,2061,normal
1458,2106,normal
1459,2018,normal
1460,2073,normal
1461,2062,normal
1462,2068,normal
1463,2046,normal
1464,2051,normal
1465,2015,normal
1466,2091,normal
1467,2069,normal
1468,2056,normal
1469,2097,normal
1470,2064,normal
1471,2064,normal
1472,2058,normal
1473,2057,normal
1474,2129,normal
1475,2116,normal
1476,2068,normal
1477,2050,normal
1478,2130,normal
1479,1921,normal
1480,2075,normal
1481,2064,normal
1482,2106,normal
1483,2049,normal
1484,2095,normal
1485,2094,normal
1486,2046,normal
1487,2121,normal
1488,1997,normal
1489,2121,normal
1490,2070,normal
1491,2133,normal
1492,2078,normal
1493,2102,normal
1494,2002,normal
1495,2074,normal
1496,2162,normal
1497,2072,normal
1498,2067,normal
1499,1928,normal
1500,1967,normal
1501,2050,normal
1502,1997,normal
1503,2016,normal
1504,2079,normal
1505,2138,normal
1506,2068,normal
1507,2127,normal
1508,2102,normal
1509,2110,normal
1510,1973,normal
1511,2069,normal
1512,2012,normal
1513,2070,normal
1514,2033,normal
1515,2029,normal
1516,2104,normal
1517,2040,normal
1518,2092,normal
1519,2003,normal
1520,2035,normal
1521,2047,normal
1522,2156,normal
1523,2077,normal
1524,1953,normal
1525,1971,normal
1526,2033,normal
1527,1980,normal
1528,2059,normal
1529,2078,normal
1530,2088,normal
1531,2082,normal
1532,2030,normal
1533,2038,normal
1534,2109,normal
1535,2021,normal
1536,2103,normal
1537,2014,normal
1538,2044,normal
1539,2074,normal
1540,2036,normal
1541,2049,normal
1542,2075,normal
1543,2038,normal
1544,2032,normal
1545,2038,normal
1546,2047,normal
1547,2095,normal
1548,1984,normal
1549,2005,normal
1550,1985,normal
1551,2050,normal
1552,2121,normal
1553,2015,normal
1554,2071,normal
1555,2156,normal
1556,2081,normal
1557,2083,normal
1558,2031,normal
1559,2016,normal
1560,2031,normal
1561,1999,normal
1562,2031,normal
1563,2058,normal
1564,2070,normal
1565,1989,normal
1566,2082,normal
1567,1973,normal
1568,2036,normal
1569,2038,normal
1570,1985,normal
1571,1996,normal
1572,1989,normal
1573,2049,normal
1574,2069,normal
1575,2119,normal
1576,2092,normal
1577,2049,normal
1578,2005,normal
1579,2007,normal
1580,2010,normal
1581,2116,normal
1582,2088,normal
1583,2176,normal
1584,2047,normal
1585,2061,normal
1586,2095,normal
1587,2081,normal
1588,2036,normal
1589,1958,normal
1590,1977,normal
1591,1967,normal
1592,2026,normal
1593,1973,normal
1594,2113,normal
1595,2019,normal
1596,2001,normal
1597,2150,normal
1598,2051,normal
1599,1924,normal
1600,2048,normal
1601,2010,normal
1602,2076,normal
1603,2052,normal
1604,2084,normal
1605,2033,normal
1606,2004,normal
1607,2005,normal
1608,1953,normal
1609,2016,normal
1610,2063,normal
1611,1995,normal
1612,2111,normal
1613,2067,normal
1614,2052,normal
1615,2118,normal
1616,2129,normal
1617,1958,normal
1618,2105,normal
1619,2129,normal
1620,1934,normal
1621,2073,normal
1622,2059,normal
1623,2092,normal
1624,2004,normal
1625,2005,normal
1626,2066,normal
1627,2142,normal
1628,2053,normal
1629,2025,normal
1630,2038,normal
1631,2146,normal
1632,2074,normal
1633,2007,normal
1634,2052,normal
1635,2118,normal
1636,2112,normal
1637,2061,normal
1638,1987,normal
1639,2124,normal
1640,2007,normal
1641,2030,normal
1642,1998,normal
1643,2058,normal
1644,2065,normal
1645,2004,normal
1646,1987,normal
1647,2060,normal
1648,2149,normal
1649,1972,normal
1650,2005,normal
1651,2073,normal
1652,2023,normal
1653,2035,normal
1654,2083,normal
1655,2084,normal
1656,2145,normal
1657,2049,normal
1658,2107,normal
1659,2050,normal
1660,1969,normal
1661,2040,normal
1662,2094,normal
1663,2058,normal
1664,2025,normal
1665,2024,normal
1666,1996,normal
1667,2076,normal
1668,1975,normal
1669,2087,normal
1670,1981,normal
1671,2118,normal
1672,1989,normal
1673,2147,normal
1674,2086,normal
1675,2075,normal
1676,2017,normal
1677,2021,normal
1678,2082,normal
1679,2035,normal
1680,2059,normal
1681,1990,normal
1682,2035,normal
1683,1944,normal
1684,2135,normal
1685,2001,normal
1686,2094,normal
1687,2080,normal
1688,2054,normal
1689,2031,normal
1690,2119,normal
1691,2005,normal
1692,2107,normal
1693,2054,normal
1694,2056,normal
1695,2057,normal
1696,2035,normal
1697,2063,normal
1698,2066,normal
1699,1989,normal
1700,2180,normal
1701,2124,normal
1702,2026,normal
1703,2140,normal
1704,2074,normal
1705,1944,normal
1706,2011,normal
1707,2063,normal
1708,2032,normal
1709,2095,normal
1710,2096,normal
1711,2097,normal
1712,1931,normal
1713,2194,normal
1714,2079,normal
1715,2190,normal
1716,2023,normal
1717,2062,normal
1718,2033,normal
1719,2076,normal
1720,2023,normal
1721,2056,normal
1722,2028,normal
1723,2092,normal
1724,2066,normal
1725,2072,normal
1726,2028,normal
1727,1999,normal
1728,1972,normal
1729,2025,normal
1730,1977,normal
1731,2070,normal
1732,2116,normal
1733,1997,normal
1734,2123,normal
1735,2120,normal
1736,2060,normal
1737,1961,normal
1738,2076,normal
1739,2107,normal
1740,2043,normal
1741,2008,normal
1742,2064,normal
1743,2052,normal
1744,2102,normal
1745,2096,normal
1746,2049,normal
1747,2026,normal
1748,2095,normal
1749,2069,normal
1750,2002,normal
1751,2080,normal
1752,2094,normal
1753,2036,normal
1754,2086,normal
1755,2049,normal
1756,2066,normal
1757,2129,normal
1758,2036,normal
1759,2121,normal
1760,2076,normal
1761,2066,normal
1762,1991,normal
1763,2066,normal
1764,1990,normal
1765,1901,normal
1766,2141,normal
1767,2076,normal
1768,2073,normal
1769,2067,normal
1770,2030,normal
1771,2061,normal
1772,2093,normal
1773,2099,normal
1774,2126,normal
1775,2046,normal
1776,2035,normal
1777,2120,normal
1778,2102,normal
1779,2012,normal
1780,2028,normal
1781,2028,normal
1782,2057,normal
1783,2067,normal
1784,2003,normal
1785,2033,normal
1786,2042,normal
1787,2039,normal
1788,2046,normal
1789,2122,normal
1790,1941,normal
1791,2065,normal
1792,2048,normal
1793,2090,normal
1794,2018,normal
1795,2128,normal
1796,1996,normal
1797,2046,normal
1798,2051,normal
1799,1987,normal
1800,2107,normal
1801,1950,normal
1802,2035,normal
1803,2056,normal
1804,1965,normal
1805,1947,normal
1806,2044,normal
1807,2056,normal
1808,1960,normal
1809,1936,normal
1810,2047,normal
1811,2022,normal
1812,1982,normal
1813,2015,normal
1814,2072,normal
1815,2096,normal
1816,2110,normal
1817,2165,normal
1818,1949,normal
1819,2056,normal
1820,2053,normal
1821,2034,normal
1822,1964,normal
1823,2146,normal
1824,2085,normal
1825,2071,normal
1826,2004,normal
1827,2014,normal
1828,2039,normal
1829,2054,normal
1830,2002,normal
1831,1990,normal
1832,2063,normal
1833,2014,normal
1834,2010,normal
1835,2099,normal
1836,1954,normal
1837,2132,normal
1838,1972,normal
1839,2033,normal
1840,2076,normal
1841,2027,normal
1842,1959,normal
1843,1988,normal
1844,1986,normal
1845,2097,normal
1846,2008,normal
1847,1978,normal
1848,2015,normal
1849,2023,normal
1850,2104,normal
1851,2083,normal
1852,2048,normal
1853,2069,normal
1854,2023,normal
1855,2066,normal
1856,2004,normal
1857,2024,normal
1858,2057,normal
1859,2083,normal
1860,1932,normal
1861,2072,normal
1862,2043,normal
1863,2075,normal
1864,2137,normal
1865,2040,normal
1866,1977,normal
1867,2032,normal
1868,2023,normal
1869,2055,normal
1870,2094,normal
1871,2022,normal
1872,2017,normal
1873,2028,normal
1874,2044,normal
1875,2050,normal
1876,2052,normal
1877,1932,normal
1878,2066,normal
1879,2052,normal
1880,2039,normal
1881,2050,normal
1882,2053,normal
1883,2048,normal
1884,2057,normal
1885,1962,normal
1886,2008,normal
1887,1982,normal
1888,2020,normal
1889,1995,normal
1890,2040,normal
1891,1968,normal
1892,1897,normal
1893,1988,normal
1894,2035,normal
1895,2039,normal
1896,2016,normal
1897,1987,normal
1898,2063,normal
1899,2066,normal
1900,2113,normal
1901,1975,normal
1902,1990,normal
1903,2071,normal
1904,2034,normal
1905,1999,normal
1906,2003,normal
1907,2148,normal
1908,2063,normal
1909,2011,normal
1910,2061,normal
1911,2086,normal
1912,2059,normal
1913,2063,normal
1914,1984,normal
1915,2034,normal
1916,2085,normal
1917,1991,normal
1918,2043,normal
1919,2061,normal
1920,2008,normal
1921,2171,normal
1922,2004,normal
1923,2030,normal
1924,2009,normal
1925,2076,normal
1926,2024,normal
1927,2087,normal
1928,2134,normal
1929,2005,normal
1930,2163,normal
1931,2076,normal
1932,1995,normal
1933,2140,normal
1934,1998,normal
1935,2135,normal
1936,2077,normal
1937,2037,normal
1938,2075,normal
1939,2089,normal
1940,2115,normal
1941,2093,normal
1942,2001,normal
1943,1998,normal
1944,1952,normal
1945,2073,normal
1946,1975,normal
1947,2071,normal
1948,1997,normal
1949,2041,normal
1950,2060,normal
1951,2053,normal
1952,2082,normal
1953,2039,normal
1954,2034,normal
1955,2130,normal
1956,2069,normal
1957,2021,normal
1958,2044,normal
1959,2054,normal
1960,2034,normal
1961,1949,normal
1962,1997,normal
1963,1950,normal
1964,1998,normal
1965,2089,normal
1966,2101,normal
1967,2059,normal
1968,2051,normal
1969,2023,normal
1970,2059,normal
1971,2051,normal
1972,2055,normal
1973,2121,normal
1974,1999,normal
1975,2021,normal
1976,2041,normal
1977,2054,normal
1978,2071,normal
1979,2108,normal
1980,2102,normal
1981,2052,normal
1982,2080,normal
1983,2053,normal
1984,2152,normal
1985,2054,normal
1986,1898,normal
1987,2123,normal
1988,1982,normal
1989,2025,normal
1990,1998,normal
1991,2045,normal
1992,1996,normal
1993,2004,normal
1994,2062,normal
1995,2021,normal
1996,2086,normal
1997,2029,normal
1998,2035,normal
1999,2033,normal
2000,2142,flicker_100hz
2001,2705,flicker_100hz
2002,3031,flicker_100hz
2003,3004,flicker_100hz
2004,2589,flicker_100hz
2005,2094,flicker_100hz
2006,1518,flicker_100hz
2007,1029,flicker_100hz
2008,1016,flicker_100hz
2009,1411,flicker_100hz
2010,2143,flicker_100hz
2011,2677,flicker_100hz
2012,2918,flicker_100hz
2013,2861,flicker_100hz
2014,2592,flicker_100hz
2015,1993,flicker_100hz
2016,1411,flicker_100hz
2017,1059,flicker_100hz
2018,1144,flicker_100hz
2019,1529,flicker_100hz
2020,2030,flicker_100hz
2021,2634,flicker_100hz
2022,2974,flicker_100hz
2023,3012,flicker_100hz
2024,2587,flicker_100hz
2025,2013,flicker_100hz
2026,1549,flicker_100hz
2027,1112,flicker_100hz
2028,1145,flicker_100hz
2029,1473,flicker_100hz
2030,2009,flicker_100hz
2031,2630,flicker_100hz
2032,3001,flicker_100hz
2033,3022,flicker_100hz
2034,2659,flicker_100hz
2035,2006,flicker_100hz
2036,1434,flicker_100hz
2037,1174,flicker_100hz
2038,1077,flicker_100hz
2039,1441,flicker_100hz
2040,2126,flicker_100hz
2041,2737,flicker_100hz
2042,2961,flicker_100hz
2043,2993,flicker_100hz
2044,2584,flicker_100hz
2045,2022,flicker_100hz
2046,1515,flicker_100hz
2047,1070,flicker_100hz
2048,1070,flicker_100hz
2049,1408,flicker_100hz
2050,1993,flicker_100hz
2051,2587,flicker_100hz
2052,2993,flicker_100hz
2053,2999,flicker_100hz
2054,2615,flicker_100hz
2055,2023,flicker_100hz
2056,1464,flicker_100hz
2057,1078,flicker_100hz
2058,1036,flicker_100hz
2059,1452,flicker_100hz
2060,2020,flicker_100hz
2061,2739,flicker_100hz
2062,2907,flicker_100hz
2063,3054,flicker_100hz
2064,2681,flicker_100hz
2065,2011,flicker_100hz
2066,1426,flicker_100hz
2067,1135,flicker_100hz
2068,1118,flicker_100hz
2069,1475,flicker_100hz
2070,1983,flicker_100hz
2071,2694,flicker_100hz
2072,3019,flicker_100hz
2073,3060,flicker_100hz
2074,2628,flicker_100hz
2075,2033,flicker_100hz
2076,1443,flicker_100hz
2077,1155,flicker_100hz
2078,1169,flicker_100hz
2079,1427,flicker_100hz
2080,2047,flicker_100hz
2081,2693,flicker_100hz
2082,2990,flicker_100hz
2083,2997,flicker_100hz
2084,2727,flicker_100hz
2085,2021,flicker_100hz
2086,1494,flicker_100hz
2087,1061,flicker_100hz
2088,1129,flicker_100hz
2089,1427,flicker_100hz
2090,2077,flicker_100hz
2091,2656,flicker_100hz
2092,3014,flicker_100hz
2093,2875,flicker_100hz
2094,2550,flicker_100hz
2095,2011,flicker_100hz
2096,1544,flicker_100hz
2097,1094,flicker_100hz
2098,1065,flicker_100hz
2099,1416,flicker_100hz
2100,2050,flicker_100hz
2101,2537,flicker_100hz
2102,3040,flicker_100hz
2103,3091,flicker_100hz
2104,2642,flicker_100hz
2105,2077,flicker_100hz
2106,1458,flicker_100hz
2107,1052,flicker_100hz
2108,1040,flicker_100hz
2109,1496,flicker_100hz
2110,2004,flicker_100hz
2111,2716,flicker_100hz
2112,2974,flicker_100hz
2113,2952,flicker_100hz
2114,2657,flicker_100hz
2115,2013,flicker_100hz
2116,1454,flicker_100hz
2117,1004,flicker_100hz
2118,1038,flicker_100hz
2119,1472,flicker_100hz
2120,2004,flicker_100hz
2121,2618,flicker_100hz
2122,2969,flicker_100hz
2123,3038,flicker_100hz
2124,2647,flicker_100hz
2125,1995,flicker_100hz
2126,1445,flicker_100hz
2127,1148,flicker_100hz
2128,1118,flicker_100hz
2129,1505,flicker_100hz
2130,2072,flicker_100hz
2131,2679,flicker_100hz
2132,3034,flicker_100hz
2133,2957,flicker_100hz
2134,2676,flicker_100hz
2135,2117,flicker_100hz
2136,1440,flicker_100hz
2137,1105,flicker_100hz
2138,1009,flicker_100hz
2139,1438,flicker_100hz
2140,2039,flicker_100hz
2141,2661,flicker_100hz
2142,3029,flicker_100hz
2143,2983,flicker_100hz
2144,2617,flicker_100hz
2145,2075,flicker_100hz
2146,1534,flicker_100hz
2147,1101,flicker_100hz
2148,1137,flicker_100hz
2149,1497,flicker_100hz
2150,2076,flicker_100hz
2151,2678,flicker_100hz
2152,3035,flicker_100hz
2153,2963,flicker_100hz
2154,2728,flicker_100hz
2155,2089,flicker_100hz
2156,1414,flicker_100hz
2157,1171,flicker_100hz
2158,1146,flicker_100hz
2159,1393,flicker_100hz
2160,2007,flicker_100hz
2161,2644,flicker_100hz
2162,2993,flicker_100hz
2163,2981,flicker_100hz
2164,2660,flicker_100hz
2165,2047,flicker_100hz
2166,1462,flicker_100hz
2167,1158,flicker_100hz
2168,1004,flicker_100hz
2169,1448,flicker_100hz
2170,2025,flicker_100hz
2171,2638,flicker_100hz
2172,3037,flicker_100hz
2173,2975,flicker_100hz
2174,2672,flicker_100hz
2175,2091,flicker_100hz
2176,1459,flicker_100hz
2177,1151,flicker_100hz
2178,1110,flicker_100hz
2179,1568,flicker_100hz
2180,2063,flicker_100hz
2181,2610,flicker_100hz
2182,2911,flicker_100hz
2183,3055,flicker_100hz
2184,2553,flicker_100hz
2185,2079,flicker_100hz
2186,1459,flicker_100hz
2187,1081,flicker_100hz
2188,1092,flicker_100hz
2189,1481,flicker_100hz
2190,2087,flicker_100hz
2191,2626,flicker_100hz
2192,2960,flicker_100hz
2193,3026,flicker_100hz
2194,2581,flicker_100hz
2195,2106,flicker_100hz
2196,1512,flicker_100hz
2197,1121,flicker_100hz
2198,1136,flicker_100hz
2199,1427,flicker_100hz
2200,2010,flicker_100hz
2201,2522,flicker_100hz
2202,3076,flicker_100hz
2203,2993,flicker_100hz
2204,2646,flicker_100hz
2205,2104,flicker_100hz
2206,1468,flicker_100hz
2207,1221,flicker_100hz
2208,1166,flicker_100hz
2209,1422,flicker_100hz
2210,2029,flicker_100hz
2211,2621,flicker_100hz
2212,3007,flicker_100hz
2213,2885,flicker_100hz
2214,2698,flicker_100hz
2215,2146,flicker_100hz
2216,1561,flicker_100hz
2217,1061,flicker_100hz
2218,1024,flicker_100hz
2219,1383,flicker_100hz
2220,2098,flicker_100hz
2221,2648,flicker_100hz
2222,2919,flicker_100hz
2223,3005,flicker_100hz
2224,2677,flicker_100hz
2225,2080,flicker_100hz
2226,1394,flicker_100hz
2227,1100,flicker_100hz
2228,1087,flicker_100hz
2229,1458,flicker_100hz
2230,2010,flicker_100hz
2231,2626,flicker_100hz
2232,2977,flicker_100hz
2233,3006,flicker_100hz
2234,2615,flicker_100hz
2235,1946,flicker_100hz
2236,1456,flicker_100hz
2237,1051,flicker_100hz
2238,1039,flicker_100hz
2239,1504,flicker_100hz
2240,1980,flicker_100hz
2241,2625,flicker_100hz
2242,3032,flicker_100hz
2243,3010,flicker_100hz
2244,2578,flicker_100hz
2245,2115,flicker_100hz
2246,1409,flicker_100hz
2247,1122,flicker_100hz
2248,1137,flicker_100hz
2249,1520,flicker_100hz
2250,1986,flicker_100hz
2251,2659,flicker_100hz
2252,3049,flicker_100hz
2253,2964,flicker_100hz
2254,2593,flicker_100hz
2255,2081,flicker_100hz
2256,1397,flicker_100hz
2257,1184,flicker_100hz
2258,1158,flicker_100hz
2259,1454,flicker_100hz
2260,2089,flicker_100hz
2261,2617,flicker_100hz
2262,3035,flicker_100hz
2263,2953,flicker_100hz
2264,2634,flicker_100hz
2265,2028,flicker_100hz
2266,1461,flicker_100hz
2267,1109,flicker_100hz
2268,1122,flicker_100hz
2269,1477,flicker_100hz
2270,2027,flicker_100hz
2271,2658,flicker_100hz
2272,2968,flicker_100hz
2273,2999,flicker_100hz
2274,2597,flicker_100hz
2275,2128,flicker_100hz
2276,1385,flicker_100hz
2277,1093,flicker_100hz
2278,1151,flicker_100hz
2279,1400,flicker_100hz
2280,1992,flicker_100hz
2281,2639,flicker_100hz
2282,3021,flicker_100hz
2283,2996,flicker_100hz
2284,2650,flicker_100hz
2285,2095,flicker_100hz
2286,1457,flicker_100hz
2287,1089,flicker_100hz
2288,1146,flicker_100hz
2289,1580,flicker_100hz
2290,2100,flicker_100hz
2291,2638,flicker_100hz
2292,2997,flicker_100hz
2293,3041,flicker_100hz
2294,2555,flicker_100hz
2295,2082,flicker_100hz
2296,1425,flicker_100hz
2297,1107,flicker_100hz
2298,1056,flicker_100hz
2299,1398,flicker_100hz
2300,2035,flicker_100hz
2301,2532,flicker_100hz
2302,2983,flicker_100hz
2303,2978,flicker_100hz
2304,2639,flicker_100hz
2305,2061,flicker_100hz
2306,1580,flicker_100hz
2307,1075,flicker_100hz
2308,1007,flicker_100hz
2309,1448,flicker_100hz
2310,1993,flicker_100hz
2311,2625,flicker_100hz
2312,2995,flicker_100hz
2313,3065,flicker_100hz
2314,2611,flicker_100hz
2315,2084,flicker_100hz
2316,1518,flicker_100hz
2317,984,flicker_100hz
2318,1091,flicker_100hz
2319,1487,flicker_100hz
2320,1971,flicker_100hz
2321,2698,flicker_100hz
2322,2983,flicker_100hz
2323,3058,flicker_100hz
2324,2542,flicker_100hz
2325,2117,flicker_100hz
2326,1490,flicker_100hz
2327,1066,flicker_100hz
2328,1159,flicker_100hz
2329,1472,flicker_100hz
2330,2126,flicker_100hz
2331,2706,flicker_100hz
2332,3004,flicker_100hz
2333,2981,flicker_100hz
2334,2664,flicker_100hz
2335,2070,flicker_100hz
2336,1465,flicker_100hz
2337,1154,flicker_100hz
2338,1070,flicker_100hz
2339,1458,flicker_100hz
2340,2161,flicker_100hz
2341,2652,flicker_100hz
2342,3014,flicker_100hz
2343,3012,flicker_100hz
2344,2565,flicker_100hz
2345,2024,flicker_100hz
2346,1442,flicker_100hz
2347,1128,flicker_100hz
2348,1065,flicker_100hz
2349,1475,flicker_100hz
2350,2056,flicker_100hz
2351,2583,flicker_100hz
2352,3086,flicker_100hz
2353,2930,flicker_100hz
2354,2615,flicker_100hz
2355,1982,flicker_100hz
2356,1431,flicker_100hz
2357,1032,flicker_100hz
2358,1052,flicker_100hz
2359,1476,flicker_100hz
2360,1975,flicker_100hz
2361,2680,flicker_100hz
2362,3030,flicker_100hz
2363,3012,flicker_100hz
2364,2722,flicker_100hz
2365,2117,flicker_100hz
2366,1426,flicker_100hz
2367,1089,flicker_100hz
2368,1085,flicker_100hz
2369,1437,flicker_100hz
2370,2080,flicker_100hz
2371,2676,flicker_100hz
2372,3075,flicker_100hz
2373,3030,flicker_100hz
2374,2612,flicker_100hz
2375,2070,flicker_100hz
2376,1504,flicker_100hz
2377,1055,flicker_100hz
2378,1042,flicker_100hz
2379,1303,flicker_100hz
2380,2054,flicker_100hz
2381,2626,flicker_100hz
2382,2988,flicker_100hz
2383,3077,flicker_100hz
2384,2618,flicker_100hz
2385,1941,flicker_100hz
2386,1490,flicker_100hz
2387,1142,flicker_100hz
2388,1089,flicker_100hz
2389,1458,flicker_100hz
2390,1958,flicker_100hz
2391,2644,flicker_100hz
2392,2979,flicker_100hz
2393,2911,flicker_100hz
2394,2661,flicker_100hz
2395,2008,flicker_100hz
2396,1438,flicker_100hz
2397,1199,flicker_100hz
2398,1010,flicker_100hz
2399,1466,flicker_100hz
2400,2008,flicker_100hz
2401,2571,flicker_100hz
2402,2983,flicker_100hz
2403,2986,flicker_100hz
2404,2595,flicker_100hz
2405,1985,flicker_100hz
2406,1463,flicker_100hz
2407,1112,flicker_100hz
2408,1163,flicker_100hz
2409,1389,flicker_100hz
2410,2035,flicker_100hz
2411,2635,flicker_100hz
2412,3004,flicker_100hz
2413,2992,flicker_100hz
2414,2671,flicker_100hz
2415,2045,flicker_100hz
2416,1515,flicker_100hz
2417,1105,flicker_100hz
2418,1078,flicker_100hz
2419,1501,flicker_100hz
2420,2038,flicker_100hz
2421,2678,flicker_100hz
2422,2987,flicker_100hz
2423,3024,flicker_100hz
2424,2615,flicker_100hz
2425,2122,flicker_100hz
2426,1370,flicker_100hz
2427,1055,flicker_100hz
2428,1054,flicker_100hz
2429,1435,flicker_100hz
2430,2052,flicker_100hz
2431,2672,flicker_100hz
2432,2950,flicker_100hz
2433,3006,flicker_100hz
2434,2678,flicker_100hz
2435,1998,flicker_100hz
2436,1486,flicker_100hz
2437,1092,flicker_100hz
2438,1073,flicker_100hz
2439,1493,flicker_100hz
2440,2035,flicker_100hz
2441,2655,flicker_100hz
2442,2982,flicker_100hz
2443,3021,flicker_100hz
2444,2607,flicker_100hz
2445,2012,flicker_100hz
2446,1587,flicker_100hz
2447,1141,flicker_100hz
2448,1115,flicker_100hz
2449,1455,flicker_100hz
2450,1955,flicker_100hz
2451,2603,flicker_100hz
2452,3006,flicker_100hz
2453,3033,flicker_100hz
2454,2612,flicker_100hz
2455,1975,flicker_100hz
2456,1458,flicker_100hz
2457,1102,flicker_100hz
2458,1098,flicker_100hz
2459,1432,flicker_100hz
2460,2037,flicker_100hz
2461,2631,flicker_100hz
2462,3029,flicker_100hz
2463,3039,flicker_100hz
2464,2658,flicker_100hz
2465,2037,flicker_100hz
2466,1442,flicker_100hz
2467,1108,flicker_100hz
2468,1151,flicker_100hz
2469,1488,flicker_100hz
2470,2022,flicker_100hz
2471,2711,flicker_100hz
2472,2960,flicker_100hz
2473,3093,flicker_100hz
2474,2610,flicker_100hz
2475,2055,flicker_100hz
2476,1479,flicker_100hz
2477,1027,flicker_100hz
2478,1067,flicker_100hz
2479,1448,flicker_100hz
2480,2081,flicker_100hz
2481,2627,flicker_100hz
2482,3017,flicker_100hz
2483,2924,flicker_100hz
2484,2631,flicker_100hz
2485,2002,flicker_100hz
2486,1425,flicker_100hz
2487,1081,flicker_100hz
2488,1074,flicker_100hz
2489,1467,flicker_100hz
2490,2049,flicker_100hz
2491,2643,flicker_100hz
2492,2938,flicker_100hz
2493,3018,flicker_100hz
2494,2579,flicker_100hz
2495,2000,flicker_100hz
2496,1417,flicker_100hz
2497,1123,flicker_100hz
2498,1160,flicker_100hz
2499,1500,flicker_100hz
2500,2018,flicker_100hz
2501,2647,flicker_100hz
2502,2923,flicker_100hz
2503,2940,flicker_100hz
2504,2726,flicker_100hz
2505,1999,flicker_100hz
2506,1467,flicker_100hz
2507,1045,flicker_100hz
2508,1033,flicker_100hz
2509,1388,flicker_100hz
2510,2136,flicker_100hz
2511,2629,flicker_100hz
2512,2965,flicker_100hz
2513,3012,flicker_100hz
2514,2622,flicker_100hz
2515,1996,flicker_100hz
2516,1441,flicker_100hz
2517,1126,flicker_100hz
2518,1159,flicker_100hz
2519,1496,flicker_100hz
2520,2091,flicker_100hz
2521,2609,flicker_100hz
2522,2979,flicker_100hz
2523,2975,flicker_100hz
2524,2662,flicker_100hz
2525,2040,flicker_100hz
2526,1485,flicker_100hz
2527,1116,flicker_100hz
2528,1146,flicker_100hz
2529,1477,flicker_100hz
2530,2147,flicker_100hz
2531,2617,flicker_100hz
2532,2941,flicker_100hz
2533,3024,flicker_100hz
2534,2676,flicker_100hz
2535,1965,flicker_100hz
2536,1432,flicker_100hz
2537,1114,flicker_100hz
2538,1179,flicker_100hz
2539,1478,flicker_100hz
2540,2068,flicker_100hz
2541,2557,flicker_100hz
2542,2991,flicker_100hz
2543,3021,flicker_100hz
2544,2630,flicker_100hz
2545,2068,flicker_100hz
2546,1403,flicker_100hz
2547,1092,flicker_100hz
2548,1021,flicker_100hz
2549,1542,flicker_100hz
2550,2036,flicker_100hz
2551,2595,flicker_100hz
2552,3008,flicker_100hz
2553,3092,flicker_100hz
2554,2690,flicker_100hz
2555,1985,flicker_100hz
2556,1392,flicker_100hz
2557,1199,flicker_100hz
2558,1139,flicker_100hz
2559,1470,flicker_100hz
2560,2005,flicker_100hz
2561,2674,flicker_100hz
2562,3032,flicker_100hz
2563,3015,flicker_100hz
2564,2690,flicker_100hz
2565,1979,flicker_100hz
2566,1393,flicker_100hz
2567,1148,flicker_100hz
2568,1034,flicker_100hz
2569,1461,flicker_100hz
2570,2023,flicker_100hz
2571,2765,flicker_100hz
2572,2977,flicker_100hz
2573,2945,flicker_100hz
2574,2603,flicker_100hz
2575,2062,flicker_100hz
2576,1434,flicker_100hz
2577,1039,flicker_100hz
2578,1114,flicker_100hz
2579,1444,flicker_100hz
2580,2055,flicker_100hz
2581,2572,flicker_100hz
2582,2899,flicker_100hz
2583,2966,flicker_100hz
2584,2637,flicker_100hz
2585,2083,flicker_100hz
2586,1534,flicker_100hz
2587,1107,flicker_100hz
2588,1224,flicker_100hz
2589,1461,flicker_100hz
2590,2017,flicker_100hz
2591,2636,flicker_100hz
2592,2931,flicker_100hz
2593,2979,flicker_100hz
2594,2688,flicker_100hz
2595,2019,flicker_100hz
2596,1428,flicker_100hz
2597,1126,flicker_100hz
2598,1096,flicker_100hz
2599,1502,flicker_100hz
2600,2047,flicker_100hz
2601,2634,flicker_100hz
2602,2861,flicker_100hz
2603,2972,flicker_100hz
2604,2626,flicker_100hz
2605,2095,flicker_100hz
2606,1456,flicker_100hz
2607,1189,flicker_100hz
2608,1151,flicker_100hz
2609,1485,flicker_100hz
2610,2052,flicker_100hz
2611,2642,flicker_100hz
2612,2961,flicker_100hz
2613,3002,flicker_100hz
2614,2605,flicker_100hz
2615,1987,flicker_100hz
2616,1453,flicker_100hz
2617,1092,flicker_100hz
2618,1163,flicker_100hz
2619,1504,flicker_100hz
2620,2024,flicker_100hz
2621,2696,flicker_100hz
2622,2958,flicker_100hz
2623,2994,flicker_100hz
2624,2650,flicker_100hz
2625,2019,flicker_100hz
2626,1341,flicker_100hz
2627,1072,flicker_100hz
2628,1183,flicker_100hz
2629,1488,flicker_100hz
2630,2156,flicker_100hz
2631,2659,flicker_100hz
2632,3018,flicker_100hz
2633,3007,flicker_100hz
2634,2703,flicker_100hz
2635,2103,flicker_100hz
2636,1373,flicker_100hz
2637,983,flicker_100hz
2638,1065,flicker_100hz
2639,1398,flicker_100hz
2640,2077,flicker_100hz
2641,2700,flicker_100hz
2642,3104,flicker_100hz
2643,2984,flicker_100hz
2644,2650,flicker_100hz
2645,2038,flicker_100hz
2646,1487,flicker_100hz
2647,1164,flicker_100hz
2648,1107,flicker_100hz
2649,1447,flicker_100hz
2650,1977,flicker_100hz
2651,2708,flicker_100hz
2652,3064,flicker_100hz
2653,2996,flicker_100hz
2654,2671,flicker_100hz
2655,2035,flicker_100hz
2656,1425,flicker_100hz
2657,1039,flicker_100hz
2658,1116,flicker_100hz
2659,1347,flicker_100hz
2660,2010,flicker_100hz
2661,2667,flicker_100hz
2662,3083,flicker_100hz
2663,2972,flicker_100hz
2664,2644,flicker_100hz
2665,1996,flicker_100hz
2666,1383,flicker_100hz
2667,1208,flicker_100hz
2668,1049,flicker_100hz
2669,1396,flicker_100hz
2670,2028,flicker_100hz
2671,2668,flicker_100hz
2672,3024,flicker_100hz
2673,2942,flicker_100hz
2674,2608,flicker_100hz
2675,2048,flicker_100hz
2676,1507,flicker_100hz
2677,1217,flicker_100hz
2678,1144,flicker_100hz
2679,1535,flicker_100hz
2680,2105,flicker_100hz
2681,2597,flicker_100hz
2682,2981,flicker_100hz
2683,3027,flicker_100hz
2684,2574,flicker_100hz
2685,2073,flicker_100hz
2686,1489,flicker_100hz
2687,1137,flicker_100hz
2688,1033,flicker_100hz
2689,1456,flicker_100hz
2690,2160,flicker_100hz
2691,2713,flicker_100hz
2692,3047,flicker_100hz
2693,2964,flicker_100hz
2694,2619,flicker_100hz
2695,2026,flicker_100hz
2696,1431,flicker_100hz
2697,1010,flicker_100hz
2698,1135,flicker_100hz
2699,1394,flicker_100hz
2700,2073,flicker_100hz
2701,2708,flicker_100hz
2702,2952,flicker_100hz
2703,3024,flicker_100hz
2704,2673,flicker_100hz
2705,2032,flicker_100hz
2706,1471,flicker_100hz
2707,1042,flicker_100hz
2708,1176,flicker_100hz
2709,1326,flicker_100hz
2710,1985,flicker_100hz
2711,2593,flicker_100hz
2712,3004,flicker_100hz
2713,2968,flicker_100hz
2714,2620,flicker_100hz
2715,2043,flicker_100hz
2716,1334,flicker_100hz
2717,1019,flicker_100hz
2718,1188,flicker_100hz
2719,1446,flicker_100hz
2720,2055,flicker_100hz
2721,2712,flicker_100hz
2722,3054,flicker_100hz
2723,3069,flicker_100hz
2724,2650,flicker_100hz
2725,1974,flicker_100hz
2726,1432,flicker_100hz
2727,999,flicker_100hz
2728,1110,flicker_100hz
2729,1445,flicker_100hz
2730,2062,flicker_100hz
2731,2555,flicker_100hz
2732,3000,flicker_100hz
2733,2962,flicker_100hz
2734,2555,flicker_100hz
2735,2076,flicker_100hz
2736,1562,flicker_100hz
2737,1123,flicker_100hz
2738,1099,flicker_100hz
2739,1464,flicker_100hz
2740,2048,flicker_100hz
2741,2570,flicker_100hz
2742,3004,flicker_100hz
2743,3022,flicker_100hz
2744,2659,flicker_100hz
2745,2004,flicker_100hz
2746,1342,flicker_100hz
2747,1083,flicker_100hz
2748,1072,flicker_100hz
2749,1516,flicker_100hz
2750,2027,flicker_100hz
2751,2664,flicker_100hz
2752,3014,flicker_100hz
2753,2989,flicker_100hz
2754,2707,flicker_100hz
2755,2036,flicker_100hz
2756,1506,flicker_100hz
2757,1176,flicker_100hz
2758,1086,flicker_100hz
2759,1512,flicker_100hz
2760,2196,flicker_100hz
2761,2620,flicker_100hz
2762,2966,flicker_100hz
2763,2955,flicker_100hz
2764,2650,flicker_100hz
2765,2045,flicker_100hz
2766,1443,flicker_100hz
2767,1103,flicker_100hz
2768,1056,flicker_100hz
2769,1422,flicker_100hz
2770,2044,flicker_100hz
2771,2703,flicker_100hz
2772,2982,flicker_100hz
2773,2962,flicker_100hz
2774,2697,flicker_100hz
2775,1999,flicker_100hz
2776,1443,flicker_100hz
2777,1065,flicker_100hz
2778,1196,flicker_100hz
2779,1458,flicker_100hz
2780,2117,flicker_100hz
2781,2670,flicker_100hz
2782,2977,flicker_100hz
2783,2993,flicker_100hz
2784,2633,flicker_100hz
2785,2127,flicker_100hz
2786,1416,flicker_100hz
2787,969,flicker_100hz
2788,1114,flicker_100hz
2789,1392,flicker_100hz
2790,2114,flicker_100hz
2791,2558,flicker_100hz
2792,2946,flicker_100hz
2793,3000,flicker_100hz
2794,2672,flicker_100hz
2795,1984,flicker_100hz
2796,1504,flicker_100hz
2797,1148,flicker_100hz
2798,1090,flicker_100hz
2799,1508,flicker_100hz
2800,2061,flicker_100hz
2801,2598,flicker_100hz
2802,2992,flicker_100hz
2803,2903,flicker_100hz
2804,2583,flicker_100hz
2805,2032,flicker_100hz
2806,1499,flicker_100hz
2807,1117,flicker_100hz
2808,1191,flicker_100hz
2809,1385,flicker_100hz
2810,2080,flicker_100hz
2811,2682,flicker_100hz
2812,3054,flicker_100hz
2813,2980,flicker_100hz
2814,2680,flicker_100hz
2815,2010,flicker_100hz
2816,1528,flicker_100hz
2817,1151,flicker_100hz
2818,1138,flicker_100hz
2819,1470,flicker_100hz
2820,2126,flicker_100hz
2821,2662,flicker_100hz
2822,3005,flicker_100hz
2823,3004,flicker_100hz
2824,2535,flicker_100hz
2825,2107,flicker_100hz
2826,1439,flicker_100hz
2827,1105,flicker_100hz
2828,1009,flicker_100hz
2829,1534,flicker_100hz
2830,2030,flicker_100hz
2831,2610,flicker_100hz
2832,3031,flicker_100hz
2833,2986,flicker_100hz
2834,2712,flicker_100hz
2835,2048,flicker_100hz
2836,1441,flicker_100hz
2837,1112,flicker_100hz
2838,1123,flicker_100hz
2839,1528,flicker_100hz
2840,2044,flicker_100hz
2841,2580,flicker_100hz
2842,2987,flicker_100hz
2843,3038,flicker_100hz
2844,2670,flicker_100hz
2845,2029,flicker_100hz
2846,1430,flicker_100hz
2847,1099,flicker_100hz
2848,1165,flicker_100hz
2849,1567,flicker_100hz
2850,2036,flicker_100hz
2851,2679,flicker_100hz
2852,3005,flicker_100hz
2853,3057,flicker_100hz
2854,2651,flicker_100hz
2855,2055,flicker_100hz
2856,1465,flicker_100hz
2857,995,flicker_100hz
2858,1146,flicker_100hz
2859,1495,flicker_100hz
2860,2042,flicker_100hz
2861,2689,flicker_100hz
2862,3074,flicker_100hz
2863,2949,flicker_100hz
2864,2749,flicker_100hz
2865,1997,flicker_100hz
2866,1411,flicker_100hz
2867,1117,flicker_100hz
2868,978,flicker_100hz
2869,1451,flicker_100hz
2870,1960,flicker_100hz
2871,2669,flicker_100hz
2872,3008,flicker_100hz
2873,2946,flicker_100hz
2874,2706,flicker_100hz
2875,1916,flicker_100hz
2876,1506,flicker_100hz
2877,1028,flicker_100hz
2878,1051,flicker_100hz
2879,1471,flicker_100hz
2880,1991,flicker_100hz
2881,2664,flicker_100hz
2882,2977,flicker_100hz
2883,3011,flicker_100hz
2884,2656,flicker_100hz
2885,2051,flicker_100hz
2886,1468,flicker_100hz
2887,1074,flicker_100hz
2888,1127,flicker_100hz
2889,1519,flicker_100hz
2890,1998,flicker_100hz
2891,2691,flicker_100hz
2892,2961,flicker_100hz
2893,2933,flicker_100hz
2894,2628,flicker_100hz
2895,2045,flicker_100hz
2896,1460,flicker_100hz
2897,1073,flicker_100hz
2898,1075,flicker_100hz
2899,1467,flicker_100hz
2900,2014,flicker_100hz
2901,2685,flicker_100hz
2902,3060,flicker_100hz
2903,2967,flicker_100hz
2904,2625,flicker_100hz
2905,2067,flicker_100hz
2906,1416,flicker_100hz
2907,1180,flicker_100hz
2908,1078,flicker_100hz
2909,1408,flicker_100hz
2910,2075,flicker_100hz
2911,2569,flicker_100hz
2912,3015,flicker_100hz
2913,2997,flicker_100hz
2914,2586,flicker_100hz
2915,2088,flicker_100hz
2916,1358,flicker_100hz
2917,1180,flicker_100hz
2918,1185,flicker_100hz
2919,1430,flicker_100hz
2920,2057,flicker_100hz
2921,2578,flicker_100hz
2922,3037,flicker_100hz
2923,2970,flicker_100hz
2924,2709,flicker_100hz
2925,1966,flicker_100hz
2926,1462,flicker_100hz
2927,1091,flicker_100hz
2928,1092,flicker_100hz
2929,1452,flicker_100hz
2930,2165,flicker_100hz
2931,2629,flicker_100hz
2932,2957,flicker_100hz
2933,2987,flicker_100hz
2934,2581,flicker_100hz
2935,2150,flicker_100hz
2936,1404,flicker_100hz
2937,1007,flicker_100hz
2938,1110,flicker_100hz
2939,1522,flicker_100hz
2940,1921,flicker_100hz
2941,2590,flicker_100hz
2942,3026,flicker_100hz
2943,3073,flicker_100hz
2944,2684,flicker_100hz
2945,2069,flicker_100hz
2946,1468,flicker_100hz
2947,1113,flicker_100hz
2948,1108,flicker_100hz
2949,1345,flicker_100hz
2950,2111,flicker_100hz
2951,2608,flicker_100hz
2952,3083,flicker_100hz
2953,3010,flicker_100hz
2954,2610,flicker_100hz
2955,2095,flicker_100hz
2956,1510,flicker_100hz
2957,1126,flicker_100hz
2958,1137,flicker_100hz
2959,1470,flicker_100hz
2960,2061,flicker_100hz
2961,2666,flicker_100hz
2962,3038,flicker_100hz
2963,3026,flicker_100hz
2964,2617,flicker_100hz
2965,2048,flicker_100hz
2966,1454,flicker_100hz
2967,1061,flicker_100hz
2968,1108,flicker_100hz
2969,1518,flicker_100hz
2970,2085,flicker_100hz
2971,2710,flicker_100hz
2972,3005,flicker_100hz
2973,2921,flicker_100hz
2974,2701,flicker_100hz
2975,2037,flicker_100hz
2976,1447,flicker_100hz
2977,1178,flicker_100hz
2978,1084,flicker_100hz
2979,1578,flicker_100hz
2980,2058,flicker_100hz
2981,2560,flicker_100hz
2982,2989,flicker_100hz
2983,2963,flicker_100hz
2984,2631,flicker_100hz
2985,1978,flicker_100hz
2986,1482,flicker_100hz
2987,1206,flicker_100hz
2988,1223,flicker_100hz
2989,1434,flicker_100hz
2990,2059,flicker_100hz
2991,2598,flicker_100hz
2992,2915,flicker_100hz
2993,3064,flicker_100hz
2994,2672,flicker_100hz
2995,2044,flicker_100hz
2996,1466,flicker_100hz
2997,1106,flicker_100hz
2998,1098,flicker_100hz
2999,1465,flicker_100hz
3000,2016,flicker_100hz
3001,2630,flicker_100hz
3002,3019,flicker_100hz
3003,3067,flicker_100hz
3004,2601,flicker_100hz
3005,1970,flicker_100hz
3006,1427,flicker_100hz
3007,1033,flicker_100hz
3008,1141,flicker_100hz
3009,1457,flicker_100hz
3010,2038,flicker_100hz
3011,2628,flicker_100hz
3012,2948,flicker_100hz
3013,2927,flicker_100hz
3014,2586,flicker_100hz
3015,2046,flicker_100hz
3016,1517,flicker_100hz
3017,1137,flicker_100hz
3018,1103,flicker_100hz
3019,1454,flicker_100hz
3020,2098,flicker_100hz
3021,2646,flicker_100hz
3022,2986,flicker_100hz
3023,2926,flicker_100hz
3024,2698,flicker_100hz
3025,2067,flicker_100hz
3026,1516,flicker_100hz
3027,1088,flicker_100hz
3028,1017,flicker_100hz
3029,1522,flicker_100hz
3030,2046,flicker_100hz
3031,2684,flicker_100hz
3032,3064,flicker_100hz
3033,2931,flicker_100hz
3034,2587,flicker_100hz
3035,2082,flicker_100hz
3036,1564,flicker_100hz
3037,1109,flicker_100hz
3038,1141,flicker_100hz
3039,1485,flicker_100hz
3040,2115,flicker_100hz
3041,2598,flicker_100hz
3042,3001,flicker_100hz
3043,2991,flicker_100hz
3044,2658,flicker_100hz
3045,2056,flicker_100hz
3046,1451,flicker_100hz
3047,1110,flicker_100hz
3048,1054,flicker_100hz
3049,1477,flicker_100hz
3050,2029,flicker_100hz
3051,2645,flicker_100hz
3052,2998,flicker_100hz
3053,2895,flicker_100hz
3054,2644,flicker_100hz
3055,2048,flicker_100hz
3056,1437,flicker_100hz
3057,1122,flicker_100hz
3058,1040,flicker_100hz
3059,1415,flicker_100hz
3060,2034,flicker_100hz
3061,2612,flicker_100hz
3062,3046,flicker_100hz
3063,3064,flicker_100hz
3064,2679,flicker_100hz
3065,2039,flicker_100hz
3066,1551,flicker_100hz
3067,1077,flicker_100hz
3068,1092,flicker_100hz
3069,1468,flicker_100hz
3070,2055,flicker_100hz
3071,2722,flicker_100hz
3072,2959,flicker_100hz
3073,3056,flicker_100hz
3074,2665,flicker_100hz
3075,2023,flicker_100hz
3076,1491,flicker_100hz
3077,1139,flicker_100hz
3078,1094,flicker_100hz
3079,1395,flicker_100hz
3080,1969,flicker_100hz
3081,2658,flicker_100hz
3082,2937,flicker_100hz
3083,2966,flicker_100hz
3084,2629,flicker_100hz
3085,1985,flicker_100hz
3086,1568,flicker_100hz
3087,1043,flicker_100hz
3088,1040,flicker_100hz
3089,1568,flicker_100hz
3090,1992,flicker_100hz
3091,2550,flicker_100hz
3092,3037,flicker_100hz
3093,2998,flicker_100hz
3094,2675,flicker_100hz
3095,2036,flicker_100hz
3096,1451,flicker_100hz
3097,1100,flicker_100hz
3098,1160,flicker_100hz
3099,1422,flicker_100hz
3100,1980,flicker_100hz
3101,2608,flicker_100hz
3102,2888,flicker_100hz
3103,3027,flicker_100hz
3104,2606,flicker_100hz
3105,2040,flicker_100hz
3106,1544,flicker_100hz
3107,1164,flicker_100hz
3108,1139,flicker_100hz
3109,1499,flicker_100hz
3110,2045,flicker_100hz
3111,2595,flicker_100hz
3112,3057,flicker_100hz
3113,3095,flicker_100hz
3114,2629,flicker_100hz
3115,2085,flicker_100hz
3116,1405,flicker_100hz
3117,1066,flicker_100hz
3118,1088,flicker_100hz
3119,1423,flicker_100hz
3120,2109,flicker_100hz
3121,2663,flicker_100hz
3122,2911,flicker_100hz
3123,3033,flicker_100hz
3124,2594,flicker_100hz
3125,2110,flicker_100hz
3126,1444,flicker_100hz
3127,1107,flicker_100hz
3128,1153,flicker_100hz
3129,1457,flicker_100hz
3130,2142,flicker_100hz
3131,2546,flicker_100hz
3132,3075,flicker_100hz
3133,2940,flicker_100hz
3134,2728,flicker_100hz
3135,2017,flicker_100hz
3136,1502,flicker_100hz
3137,1122,flicker_100hz
3138,1081,flicker_100hz
3139,1476,flicker_100hz
3140,2109,flicker_100hz
3141,2761,flicker_100hz
3142,2947,flicker_100hz
3143,3072,flicker_100hz
3144,2682,flicker_100hz
3145,1988,flicker_100hz
3146,1606,flicker_100hz
3147,1088,flicker_100hz
3148,1112,flicker_100hz
3149,1385,flicker_100hz
3150,1868,flicker_100hz
3151,2707,flicker_100hz
3152,2959,flicker_100hz
3153,3008,flicker_100hz
3154,2659,flicker_100hz
3155,2041,flicker_100hz
3156,1461,flicker_100hz
3157,1038,flicker_100hz
3158,1077,flicker_100hz
3159,1404,flicker_100hz
3160,2020,flicker_100hz
3161,2582,flicker_100hz
3162,2966,flicker_100hz
3163,2985,flicker_100hz
3164,2555,flicker_100hz
3165,2017,flicker_100hz
3166,1472,flicker_100hz
3167,1003,flicker_100hz
3168,1164,flicker_100hz
3169,1492,flicker_100hz
3170,2038,flicker_100hz
3171,2616,flicker_100hz
3172,3051,flicker_100hz
3173,3010,flicker_100hz
3174,2726,flicker_100hz
3175,2097,flicker_100hz
3176,1474,flicker_100hz
3177,1099,flicker_100hz
3178,1101,flicker_100hz
3179,1474,flicker_100hz
3180,2035,flicker_100hz
3181,2688,flicker_100hz
3182,3011,flicker_100hz
3183,2953,flicker_100hz
3184,2726,flicker_100hz
3185,2082,flicker_100hz
3186,1496,flicker_100hz
3187,1017,flicker_100hz
3188,1125,flicker_100hz
3189,1472,flicker_100hz
3190,2069,flicker_100hz
3191,2604,flicker_100hz
3192,2983,flicker_100hz
3193,3057,flicker_100hz
3194,2617,flicker_100hz
3195,2039,flicker_100hz
3196,1393,flicker_100hz
3197,1163,flicker_100hz
3198,1164,flicker_100hz
3199,1473,flicker_100hz
3200,2104,flicker_100hz
3201,2641,flicker_100hz
3202,3083,flicker_100hz
3203,2978,flicker_100hz
3204,2573,flicker_100hz
3205,2026,flicker_100hz
3206,1436,flicker_100hz
3207,1055,flicker_100hz
3208,1079,flicker_100hz
3209,1434,flicker_100hz
3210,2072,flicker_100hz
3211,2635,flicker_100hz
3212,2922,flicker_100hz
3213,3006,flicker_100hz
3214,2522,flicker_100hz
3215,2085,flicker_100hz
3216,1519,flicker_100hz
3217,1114,flicker_100hz
3218,1013,flicker_100hz
3219,1424,flicker_100hz
3220,2139,flicker_100hz
3221,2720,flicker_100hz
3222,3013,flicker_100hz
3223,3097,flicker_100hz
3224,2635,flicker_100hz
3225,2127,flicker_100hz
3226,1392,flicker_100hz
3227,1149,flicker_100hz
3228,1064,flicker_100hz
3229,1418,flicker_100hz
3230,2035,flicker_100hz
3231,2694,flicker_100hz
3232,2921,flicker_100hz
3233,3041,flicker_100hz
3234,2617,flicker_100hz
3235,2047,flicker_100hz
3236,1468,flicker_100hz
3237,1040,flicker_100hz
3238,1136,flicker_100hz
3239,1428,flicker_100hz
3240,2128,flicker_100hz
3241,2721,flicker_100hz
3242,2974,flicker_100hz
3243,2924,flicker_100hz
3244,2675,flicker_100hz
3245,2077,flicker_100hz
3246,1468,flicker_100hz
3247,1109,flicker_100hz
3248,997,flicker_100hz
3249,1417,flicker_100hz
3250,2093,flicker_100hz
3251,2626,flicker_100hz
3252,3091,flicker_100hz
3253,2939,flicker_100hz
3254,2513,flicker_100hz
3255,2116,flicker_100hz
3256,1502,flicker_100hz
3257,1022,flicker_100hz
3258,1108,flicker_100hz
3259,1483,flicker_100hz
3260,2126,flicker_100hz
3261,2618,flicker_100hz
3262,3084,flicker_100hz
3263,3041,flicker_100hz
3264,2704,flicker_100hz
3265,1986,flicker_100hz
3266,1536,flicker_100hz
3267,1230,flicker_100hz
3268,1010,flicker_100hz
3269,1428,flicker_100hz
3270,1981,flicker_100hz
3271,2678,flicker_100hz
3272,3026,flicker_100hz
3273,3051,flicker_100hz
3274,2659,flicker_100hz
3275,2081,flicker_100hz
3276,1446,flicker_100hz
3277,1066,flicker_100hz
3278,1054,flicker_100hz
3279,1377,flicker_100hz
3280,2000,flicker_100hz
3281,2711,flicker_100hz
3282,3025,flicker_100hz
3283,3031,flicker_100hz
3284,2642,flicker_100hz
3285,2008,flicker_100hz
3286,1400,flicker_100hz
3287,1112,flicker_100hz
3288,1062,flicker_100hz
3289,1458,flicker_100hz
3290,2067,flicker_100hz
3291,2668,flicker_100hz
3292,3003,flicker_100hz
3293,2929,flicker_100hz
3294,2659,flicker_100hz
3295,2075,flicker_100hz
3296,1518,flicker_100hz
3297,1060,flicker_100hz
3298,1126,flicker_100hz
3299,1484,flicker_100hz
3300,2070,flicker_100hz
3301,2652,flicker_100hz
3302,2944,flicker_100hz
3303,3034,flicker_100hz
3304,2547,flicker_100hz
3305,2038,flicker_100hz
3306,1505,flicker_100hz
3307,1189,flicker_100hz
3308,1203,flicker_100hz
3309,1398,flicker_100hz
3310,2083,flicker_100hz
3311,2604,flicker_100hz
3312,2958,flicker_100hz
3313,3082,flicker_100hz
3314,2615,flicker_100hz
3315,2088,flicker_100hz
3316,1468,flicker_100hz
3317,1077,flicker_100hz
3318,991,flicker_100hz
3319,1495,flicker_100hz
3320,2055,flicker_100hz
3321,2614,flicker_100hz
3322,3004,flicker_100hz
3323,2995,flicker_100hz
3324,2661,flicker_100hz
3325,2041,flicker_100hz
3326,1518,flicker_100hz
3327,1122,flicker_100hz
3328,1057,flicker_100hz
3329,1472,flicker_100hz
3330,2003,flicker_100hz
3331,2632,flicker_100hz
3332,3007,flicker_100hz
3333,2978,flicker_100hz
3334,2672,flicker_100hz
3335,2046,flicker_100hz
3336,1491,flicker_100hz
3337,1143,flicker_100hz
3338,1043,flicker_100hz
3339,1446,flicker_100hz
3340,2027,flicker_100hz
3341,2625,flicker_100hz
3342,3072,flicker_100hz
3343,2942,flicker_100hz
3344,2589,flicker_100hz
3345,2139,flicker_100hz
3346,1441,flicker_100hz
3347,1124,flicker_100hz
3348,1036,flicker_100hz
3349,1397,flicker_100hz
3350,2125,flicker_100hz
3351,2628,flicker_100hz
3352,2952,flicker_100hz
3353,2970,flicker_100hz
3354,2578,flicker_100hz
3355,2161,flicker_100hz
3356,1476,flicker_100hz
3357,1091,flicker_100hz
3358,1155,flicker_100hz
3359,1408,flicker_100hz
3360,2096,flicker_100hz
3361,2643,flicker_100hz
3362,2940,flicker_100hz
3363,2994,flicker_100hz
3364,2545,flicker_100hz
3365,2103,flicker_100hz
3366,1497,flicker_100hz
3367,1156,flicker_100hz
3368,1152,flicker_100hz
3369,1508,flicker_100hz
3370,2059,flicker_100hz
3371,2589,flicker_100hz
3372,2964,flicker_100hz
3373,2975,flicker_100hz
3374,2669,flicker_100hz
3375,2057,flicker_100hz
3376,1446,flicker_100hz
3377,1037,flicker_100hz
3378,1082,flicker_100hz
3379,1413,flicker_100hz
3380,2106,flicker_100hz
3381,2669,flicker_100hz
3382,3044,flicker_100hz
3383,3035,flicker_100hz
3384,2584,flicker_100hz
3385,2088,flicker_100hz
3386,1419,flicker_100hz
3387,1055,flicker_100hz
3388,1120,flicker_100hz
3389,1507,flicker_100hz
3390,2074,flicker_100hz
3391,2623,flicker_100hz
3392,3015,flicker_100hz
3393,3036,flicker_100hz
3394,2682,flicker_100hz
3395,2095,flicker_100hz
3396,1384,flicker_100hz
3397,1146,flicker_100hz
3398,1103,flicker_100hz
3399,1401,flicker_100hz
3400,2065,flicker_100hz
3401,2576,flicker_100hz
3402,3056,flicker_100hz
3403,2952,flicker_100hz
3404,2695,flicker_100hz
3405,2098,flicker_100hz
3406,1532,flicker_100hz
3407,1200,flicker_100hz
3408,1068,flicker_100hz
3409,1486,flicker_100hz
3410,2118,flicker_100hz
3411,2634,flicker_100hz
3412,2924,flicker_100hz
3413,3088,flicker_100hz
3414,2647,flicker_100hz
3415,2003,flicker_100hz
3416,1418,flicker_100hz
3417,1120,flicker_100hz
3418,1069,flicker_100hz
3419,1465,flicker_100hz
3420,2076,flicker_100hz
3421,2674,flicker_100hz
3422,3156,flicker_100hz
3423,3017,flicker_100hz
3424,2656,flicker_100hz
3425,1999,flicker_100hz
3426,1463,flicker_100hz
3427,1128,flicker_100hz
3428,1165,flicker_100hz
3429,1443,flicker_100hz
3430,2077,flicker_100hz
3431,2671,flicker_100hz
3432,2972,flicker_100hz
3433,2947,flicker_100hz
3434,2681,flicker_100hz
3435,2021,flicker_100hz
3436,1447,flicker_100hz
3437,1100,flicker_100hz
3438,1134,flicker_100hz
3439,1448,flicker_100hz
3440,2110,flicker_100hz
3441,2566,flicker_100hz
3442,2915,flicker_100hz
3443,2941,flicker_100hz
3444,2741,flicker_100hz
3445,1979,flicker_100hz
3446,1523,flicker_100hz
3447,1069,flicker_100hz
3448,1062,flicker_100hz
3449,1424,flicker_100hz
3450,1986,flicker_100hz
3451,2641,flicker_100hz
3452,2913,flicker_100hz
3453,2964,flicker_100hz
3454,2688,flicker_100hz
3455,2097,flicker_100hz
3456,1471,flicker_100hz
3457,1222,flicker_100hz
3458,1027,flicker_100hz
3459,1456,flicker_100hz
3460,2011,flicker_100hz
3461,2614,flicker_100hz
3462,3023,flicker_100hz
3463,3036,flicker_100hz
3464,2659,flicker_100hz
3465,2088,flicker_100hz
3466,1508,flicker_100hz
3467,1152,flicker_100hz
3468,1233,flicker_100hz
3469,1475,flicker_100hz
3470,2042,flicker_100hz
3471,2561,flicker_100hz
3472,3044,flicker_100hz
3473,3006,flicker_100hz
3474,2659,flicker_100hz
3475,2022,flicker_100hz
3476,1469,flicker_100hz
3477,1026,flicker_100hz
3478,1099,flicker_100hz
3479,1531,flicker_100hz
3480,2043,flicker_100hz
3481,2700,flicker_100hz
3482,2989,flicker_100hz
3483,3076,flicker_100hz
3484,2689,flicker_100hz
3485,1957,flicker_100hz
3486,1491,flicker_100hz
3487,1087,flicker_100hz
3488,1107,flicker_100hz
3489,1510,flicker_100hz
3490,2041,flicker_100hz
3491,2656,flicker_100hz
3492,3003,flicker_100hz
3493,3017,flicker_100hz
3494,2670,flicker_100hz
3495,2029,flicker_100hz
3496,1400,flicker_100hz
3497,1170,flicker_100hz
3498,1044,flicker_100hz
3499,1391,flicker_100hz
3500,1971,flicker_100hz
3501,2627,flicker_100hz
3502,2993,flicker_100hz
3503,3100,flicker_100hz
3504,2634,flicker_100hz
3505,2096,flicker_100hz
3506,1480,flicker_100hz
3507,1053,flicker_100hz
3508,1113,flicker_100hz
3509,1527,flicker_100hz
3510,2089,flicker_100hz
3511,2666,flicker_100hz
3512,3033,flicker_100hz
3513,2998,flicker_100hz
3514,2564,flicker_100hz
3515,2042,flicker_100hz
3516,1419,flicker_100hz
3517,1074,flicker_100hz
3518,1097,flicker_100hz
3519,1468,flicker_100hz
3520,1957,flicker_100hz
3521,2689,flicker_100hz
3522,3027,flicker_100hz
3523,2987,flicker_100hz
3524,2656,flicker_100hz
3525,2132,flicker_100hz
3526,1465,flicker_100hz
3527,1033,flicker_100hz
3528,1019,flicker_100hz
3529,1438,flicker_100hz
3530,2113,flicker_100hz
3531,2568,flicker_100hz
3532,2972,flicker_100hz
3533,3001,flicker_100hz
3534,2657,flicker_100hz
3535,2074,flicker_100hz
3536,1420,flicker_100hz
3537,1135,flicker_100hz
3538,956,flicker_100hz
3539,1335,flicker_100hz
3540,2078,flicker_100hz
3541,2609,flicker_100hz
3542,3012,flicker_100hz
3543,2984,flicker_100hz
3544,2695,flicker_100hz
3545,2159,flicker_100hz
3546,1445,flicker_100hz
3547,1152,flicker_100hz
3548,1187,flicker_100hz
3549,1479,flicker_100hz
3550,1985,flicker_100hz
3551,2626,flicker_100hz
3552,2957,flicker_100hz
3553,3003,flicker_100hz
3554,2660,flicker_100hz
3555,2064,flicker_100hz
3556,1405,flicker_100hz
3557,1076,flicker_100hz
3558,1045,flicker_100hz
3559,1434,flicker_100hz
3560,2033,flicker_100hz
3561,2630,flicker_100hz
3562,3021,flicker_100hz
3563,3056,flicker_100hz
3564,2661,flicker_100hz
3565,2042,flicker_100hz
3566,1547,flicker_100hz
3567,1094,flicker_100hz
3568,1143,flicker_100hz
3569,1415,flicker_100hz
3570,2042,flicker_100hz
3571,2717,flicker_100hz
3572,3049,flicker_100hz
3573,2957,flicker_100hz
3574,2713,flicker_100hz
3575,1979,flicker_100hz
3576,1385,flicker_100hz
3577,1035,flicker_100hz
3578,1132,flicker_100hz
3579,1566,flicker_100hz
3580,2042,flicker_100hz
3581,2587,flicker_100hz
3582,3039,flicker_100hz
3583,2947,flicker_100hz
3584,2635,flicker_100hz
3585,1916,flicker_100hz
3586,1420,flicker_100hz
3587,1070,flicker_100hz
3588,1067,flicker_100hz
3589,1437,flicker_100hz
3590,2001,flicker_100hz
3591,2643,flicker_100hz
3592,2937,flicker_100hz
3593,2995,flicker_100hz
3594,2552,flicker_100hz
3595,2031,flicker_100hz
3596,1438,flicker_100hz
3597,1019,flicker_100hz
3598,1156,flicker_100hz
3599,1433,flicker_100hz
3600,2039,flicker_100hz
3601,2643,flicker_100hz
3602,3042,flicker_100hz
3603,3057,flicker_100hz
3604,2653,flicker_100hz
3605,1973,flicker_100hz
3606,1524,flicker_100hz
3607,1104,flicker_100hz
3608,1050,flicker_100hz
3609,1461,flicker_100hz
3610,2079,flicker_100hz
3611,2554,flicker_100hz
3612,3015,flicker_100hz
3613,3015,flicker_100hz
3614,2566,flicker_100hz
3615,2122,flicker_100hz
3616,1538,flicker_100hz
3617,1148,flicker_100hz
3618,1080,flicker_100hz
3619,1461,flicker_100hz
3620,1981,flicker_100hz
3621,2639,flicker_100hz
3622,2961,flicker_100hz
3623,2962,flicker_100hz
3624,2673,flicker_100hz
3625,2005,flicker_100hz
3626,1475,flicker_100hz
3627,990,flicker_100hz
3628,1078,flicker_100hz
3629,1470,flicker_100hz
3630,2067,flicker_100hz
3631,2713,flicker_100hz
3632,3008,flicker_100hz
3633,2967,flicker_100hz
3634,2621,flicker_100hz
3635,1992,flicker_100hz
3636,1450,flicker_100hz
3637,1138,flicker_100hz
3638,1073,flicker_100hz
3639,1499,flicker_100hz
3640,2121,flicker_100hz
3641,2653,flicker_100hz
3642,2939,flicker_100hz
3643,2953,flicker_100hz
3644,2626,flicker_100hz
3645,2110,flicker_100hz
3646,1490,flicker_100hz
3647,1152,flicker_100hz
3648,1035,flicker_100hz
3649,1437,flicker_100hz
3650,2071,flicker_100hz
3651,2569,flicker_100hz
3652,2972,flicker_100hz
3653,2988,flicker_100hz
3654,2659,flicker_100hz
3655,2079,flicker_100hz
3656,1442,flicker_100hz
3657,1176,flicker_100hz
3658,1149,flicker_100hz
3659,1490,flicker_100hz
3660,2039,flicker_100hz
3661,2631,flicker_100hz
3662,2999,flicker_100hz
3663,2891,flicker_100hz
3664,2591,flicker_100hz
3665,2029,flicker_100hz
3666,1435,flicker_100hz
3667,1066,flicker_100hz
3668,1022,flicker_100hz
3669,1461,flicker_100hz
3670,2049,flicker_100hz
3671,2637,flicker_100hz
3672,2958,flicker_100hz
3673,2986,flicker_100hz
3674,2621,flicker_100hz
3675,2043,flicker_100hz
3676,1452,flicker_100hz
3677,1029,flicker_100hz
3678,1031,flicker_100hz
3679,1354,flicker_100hz
3680,2004,flicker_100hz
3681,2618,flicker_100hz
3682,3059,flicker_100hz
3683,3073,flicker_100hz
3684,2662,flicker_100hz
3685,2074,flicker_100hz
3686,1443,flicker_100hz
3687,975,flicker_100hz
3688,1136,flicker_100hz
3689,1473,flicker_100hz
3690,1975,flicker_100hz
3691,2607,flicker_100hz
3692,2979,flicker_100hz
3693,2991,flicker_100hz
3694,2604,flicker_100hz
3695,2055,flicker_100hz
3696,1500,flicker_100hz
3697,1165,flicker_100hz
3698,1132,flicker_100hz
3699,1585,flicker_100hz
3700,2080,flicker_100hz
3701,2590,flicker_100hz
3702,2915,flicker_100hz
3703,3068,flicker_100hz
3704,2644,flicker_100hz
3705,2074,flicker_100hz
3706,1419,flicker_100hz
3707,1131,flicker_100hz
3708,1085,flicker_100hz
3709,1496,flicker_100hz
3710,2017,flicker_100hz
3711,2581,flicker_100hz
3712,2994,flicker_100hz
3713,3108,flicker_100hz
3714,2702,flicker_100hz
3715,2144,flicker_100hz
3716,1522,flicker_100hz
3717,1032,flicker_100hz
3718,1066,flicker_100hz
3719,1376,flicker_100hz
3720,2019,flicker_100hz
3721,2717,flicker_100hz
3722,2996,flicker_100hz
3723,2996,flicker_100hz
3724,2629,flicker_100hz
3725,2085,flicker_100hz
3726,1425,flicker_100hz
3727,1012,flicker_100hz
3728,1159,flicker_100hz
3729,1484,flicker_100hz
3730,2097,flicker_100hz
3731,2690,flicker_100hz
3732,3019,flicker_100hz
3733,2917,flicker_100hz
3734,2565,flicker_100hz
3735,2031,flicker_100hz
3736,1398,flicker_100hz
3737,1053,flicker_100hz
3738,1133,flicker_100hz
3739,1537,flicker_100hz
3740,2060,flicker_100hz
3741,2592,flicker_100hz
3742,2953,flicker_100hz
3743,2923,flicker_100hz
3744,2604,flicker_100hz
3745,2057,flicker_100hz
3746,1438,flicker_100hz
3747,1090,flicker_100hz
3748,1134,flicker_100hz
3749,1490,flicker_100hz
3750,2053,flicker_100hz
3751,2533,flicker_100hz
3752,3015,flicker_100hz
3753,2914,flicker_100hz
3754,2697,flicker_100hz
3755,2054,flicker_100hz
3756,1488,flicker_100hz
3757,1071,flicker_100hz
3758,1115,flicker_100hz
3759,1435,flicker_100hz
3760,2089,flicker_100hz
3761,2626,flicker_100hz
3762,3002,flicker_100hz
3763,2906,flicker_100hz
3764,2716,flicker_100hz
3765,2043,flicker_100hz
3766,1425,flicker_100hz
3767,1050,flicker_100hz
3768,1115,flicker_100hz
3769,1508,flicker_100hz
3770,2140,flicker_100hz
3771,2588,flicker_100hz
3772,3111,flicker_100hz
3773,3070,flicker_100hz
3774,2584,flicker_100hz
3775,1966,flicker_100hz
3776,1441,flicker_100hz
3777,1164,flicker_100hz
3778,1078,flicker_100hz
3779,1376,flicker_100hz
3780,2047,flicker_100hz
3781,2628,flicker_100hz
3782,2980,flicker_100hz
3783,3073,flicker_100hz
3784,2589,flicker_100hz
3785,2100,flicker_100hz
3786,1468,flicker_100hz
3787,1195,flicker_100hz
3788,1099,flicker_100hz
3789,1476,flicker_100hz
3790,2058,flicker_100hz
3791,2695,flicker_100hz
3792,2976,flicker_100hz
3793,3009,flicker_100hz
3794,2642,flicker_100hz
3795,1978,flicker_100hz
3796,1424,flicker_100hz
3797,1134,flicker_100hz
3798,1076,flicker_100hz
3799,1486,flicker_100hz
3800,1992,flicker_100hz
3801,2664,flicker_100hz
3802,3037,flicker_100hz
3803,3014,flicker_100hz
3804,2630,flicker_100hz
3805,1992,flicker_100hz
3806,1484,flicker_100hz
3807,1164,flicker_100hz
3808,1034,flicker_100hz
3809,1535,flicker_100hz
3810,2052,flicker_100hz
3811,2650,flicker_100hz
3812,3004,flicker_100hz
3813,3008,flicker_100hz
3814,2713,flicker_100hz
3815,2097,flicker_100hz
3816,1485,flicker_100hz
3817,1121,flicker_100hz
3818,1186,flicker_100hz
3819,1416,flicker_100hz
3820,2081,flicker_100hz
3821,2632,flicker_100hz
3822,2957,flicker_100hz
3823,2985,flicker_100hz
3824,2670,flicker_100hz
3825,2119,flicker_100hz
3826,1422,flicker_100hz
3827,1067,flicker_100hz
3828,1067,flicker_100hz
3829,1509,flicker_100hz
3830,2143,flicker_100hz
3831,2617,flicker_100hz
3832,2979,flicker_100hz
3833,2986,flicker_100hz
3834,2619,flicker_100hz
3835,2027,flicker_100hz
3836,1391,flicker_100hz
3837,1037,flicker_100hz
3838,1124,flicker_100hz
3839,1494,flicker_100hz
3840,1973,flicker_100hz
3841,2572,flicker_100hz
3842,3091,flicker_100hz
3843,3033,flicker_100hz
3844,2608,flicker_100hz
3845,2097,flicker_100hz
3846,1417,flicker_100hz
3847,1118,flicker_100hz
3848,1069,flicker_100hz
3849,1477,flicker_100hz
3850,2060,flicker_100hz
3851,2594,flicker_100hz
3852,3020,flicker_100hz
3853,2958,flicker_100hz
3854,2607,flicker_100hz
3855,1982,flicker_100hz
3856,1466,flicker_100hz
3857,1095,flicker_100hz
3858,1176,flicker_100hz
3859,1457,flicker_100hz
3860,2049,flicker_100hz
3861,2628,flicker_100hz
3862,3032,flicker_100hz
3863,2918,flicker_100hz
3864,2557,flicker_100hz
3865,2110,flicker_100hz
3866,1520,flicker_100hz
3867,1130,flicker_100hz
3868,1075,flicker_100hz
3869,1443,flicker_100hz
3870,2057,flicker_100hz
3871,2649,flicker_100hz
3872,3066,flicker_100hz
3873,3023,flicker_100hz
3874,2702,flicker_100hz
3875,1963,flicker_100hz
3876,1439,flicker_100hz
3877,1089,flicker_100hz
3878,1151,flicker_100hz
3879,1443,flicker_100hz
3880,2039,flicker_100hz
3881,2553,flicker_100hz
3882,2977,flicker_100hz
3883,2969,flicker_100hz
3884,2630,flicker_100hz
3885,1996,flicker_100hz
3886,1521,flicker_100hz
3887,1114,flicker_100hz
3888,1118,flicker_100hz
3889,1536,flicker_100hz
3890,2059,flicker_100hz
3891,2577,flicker_100hz
3892,2983,flicker_100hz
3893,3026,flicker_100hz
3894,2665,flicker_100hz
3895,2030,flicker_100hz
3896,1408,flicker_100hz
3897,1148,flicker_100hz
3898,1100,flicker_100hz
3899,1420,flicker_100hz
3900,1953,flicker_100hz
3901,2697,flicker_100hz
3902,2942,flicker_100hz
3903,3034,flicker_100hz
3904,2608,flicker_100hz
3905,1986,flicker_100hz
3906,1465,flicker_100hz
3907,1048,flicker_100hz
3908,1086,flicker_100hz
3909,1487,flicker_100hz
3910,2166,flicker_100hz
3911,2705,flicker_100hz
3912,3065,flicker_100hz
3913,2969,flicker_100hz
3914,2657,flicker_100hz
3915,2089,flicker_100hz
3916,1512,flicker_100hz
3917,956,flicker_100hz
3918,1057,flicker_100hz
3919,1341,flicker_100hz
3920,1996,flicker_100hz
3921,2634,flicker_100hz
3922,3070,flicker_100hz
3923,2986,flicker_100hz
3924,2598,flicker_100hz
3925,2002,flicker_100hz
3926,1440,flicker_100hz
3927,1026,flicker_100hz
3928,1071,flicker_100hz
3929,1419,flicker_100hz
3930,2129,flicker_100hz
3931,2704,flicker_100hz
3932,3039,flicker_100hz
3933,2964,flicker_100hz
3934,2659,flicker_100hz
3935,2127,flicker_100hz
3936,1439,flicker_100hz
3937,1126,flicker_100hz
3938,1102,flicker_100hz
3939,1422,flicker_100hz
3940,2019,flicker_100hz
3941,2676,flicker_100hz
3942,2984,flicker_100hz
3943,2958,flicker_100hz
3944,2632,flicker_100hz
3945,2025,flicker_100hz
3946,1596,flicker_100hz
3947,1083,flicker_100hz
3948,1082,flicker_100hz
3949,1483,flicker_100hz
3950,2083,flicker_100hz
3951,2637,flicker_100hz
3952,2903,flicker_100hz
3953,2912,flicker_100hz
3954,2539,flicker_100hz
3955,2002,flicker_100hz
3956,1526,flicker_100hz
3957,1072,flicker_100hz
3958,1104,flicker_100hz
3959,1552,flicker_100hz
3960,2013,flicker_100hz
3961,2638,flicker_100hz
3962,2992,flicker_100hz
3963,2982,flicker_100hz
3964,2574,flicker_100hz
3965,2036,flicker_100hz
3966,1543,flicker_100hz
3967,1064,flicker_100hz
3968,1113,flicker_100hz
3969,1514,flicker_100hz
3970,2078,flicker_100hz
3971,2611,flicker_100hz
3972,2956,flicker_100hz
3973,2940,flicker_100hz
3974,2626,flicker_100hz
3975,2077,flicker_100hz
3976,1386,flicker_100hz
3977,1111,flicker_100hz
3978,1032,flicker_100hz
3979,1465,flicker_100hz
3980,2164,flicker_100hz
3981,2571,flicker_100hz
3982,2953,flicker_100hz
3983,2933,flicker_100hz
3984,2704,flicker_100hz
3985,2038,flicker_100hz
3986,1451,flicker_100hz
3987,1159,flicker_100hz
3988,1104,flicker_100hz
3989,1481,flicker_100hz
3990,1979,flicker_100hz
3991,2660,flicker_100hz
3992,3024,flicker_100hz
3993,3024,flicker_100hz
3994,2546,flicker_100hz
3995,2099,flicker_100hz
3996,1536,flicker_100hz
3997,1014,flicker_100hz
3998,1151,flicker_100hz
3999,1372,flicker_100hz